--
-- PostgreSQL database dump
--

\restrict 8Lhwh5AmdhjYcw3bBsmf5HuvSAKp8sfkhprGHtRxKNWB3Hortl4JvcHhBdJ4eiR

-- Dumped from database version 16.13 (Ubuntu 16.13-0ubuntu0.24.04.1)
-- Dumped by pg_dump version 16.13 (Ubuntu 16.13-0ubuntu0.24.04.1)

SET statement_timeout = 0;
SET lock_timeout = 0;
SET idle_in_transaction_session_timeout = 0;
SET client_encoding = 'UTF8';
SET standard_conforming_strings = on;
SELECT pg_catalog.set_config('search_path', '', false);
SET check_function_bodies = false;
SET xmloption = content;
SET client_min_messages = warning;
SET row_security = off;

--
-- Name: public; Type: SCHEMA; Schema: -; Owner: version26
--

-- *not* creating schema, since initdb creates it


ALTER SCHEMA public OWNER TO version26;

--
-- Name: SCHEMA public; Type: COMMENT; Schema: -; Owner: version26
--

COMMENT ON SCHEMA public IS '';


--
-- Name: FestStatus; Type: TYPE; Schema: public; Owner: version26
--

CREATE TYPE public."FestStatus" AS ENUM (
    'REGISTERED',
    'CHECKED_IN',
    'NO_SHOW'
);


ALTER TYPE public."FestStatus" OWNER TO version26;

--
-- Name: Position; Type: TYPE; Schema: public; Owner: version26
--

CREATE TYPE public."Position" AS ENUM (
    'FIRST',
    'SECOND',
    'THIRD'
);


ALTER TYPE public."Position" OWNER TO version26;

--
-- Name: UserRole; Type: TYPE; Schema: public; Owner: version26
--

CREATE TYPE public."UserRole" AS ENUM (
    'ADMIN',
    'OPERATOR',
    'DESK'
);


ALTER TYPE public."UserRole" OWNER TO version26;

--
-- Name: Year; Type: TYPE; Schema: public; Owner: version26
--

CREATE TYPE public."Year" AS ENUM (
    'ONE',
    'TWO'
);


ALTER TYPE public."Year" OWNER TO version26;

SET default_tablespace = '';

SET default_table_access_method = heap;

--
-- Name: ManualScoreAdjustment; Type: TABLE; Schema: public; Owner: version26
--

CREATE TABLE public."ManualScoreAdjustment" (
    id integer NOT NULL,
    "collegeId" integer NOT NULL,
    points double precision NOT NULL,
    reason text,
    "createdAt" timestamp(3) without time zone DEFAULT CURRENT_TIMESTAMP NOT NULL
);


ALTER TABLE public."ManualScoreAdjustment" OWNER TO version26;

--
-- Name: ManualScoreAdjustment_id_seq; Type: SEQUENCE; Schema: public; Owner: version26
--

CREATE SEQUENCE public."ManualScoreAdjustment_id_seq"
    AS integer
    START WITH 1
    INCREMENT BY 1
    NO MINVALUE
    NO MAXVALUE
    CACHE 1;


ALTER SEQUENCE public."ManualScoreAdjustment_id_seq" OWNER TO version26;

--
-- Name: ManualScoreAdjustment_id_seq; Type: SEQUENCE OWNED BY; Schema: public; Owner: version26
--

ALTER SEQUENCE public."ManualScoreAdjustment_id_seq" OWNED BY public."ManualScoreAdjustment".id;


--
-- Name: User; Type: TABLE; Schema: public; Owner: version26
--

CREATE TABLE public."User" (
    id text NOT NULL,
    name text NOT NULL,
    email text NOT NULL,
    password text NOT NULL,
    role public."UserRole" DEFAULT 'DESK'::public."UserRole" NOT NULL,
    "createdAt" timestamp(3) without time zone DEFAULT CURRENT_TIMESTAMP NOT NULL,
    "updatedAt" timestamp(3) without time zone NOT NULL
);


ALTER TABLE public."User" OWNER TO version26;

--
-- Name: _prisma_migrations; Type: TABLE; Schema: public; Owner: version26
--

CREATE TABLE public._prisma_migrations (
    id character varying(36) NOT NULL,
    checksum character varying(64) NOT NULL,
    finished_at timestamp with time zone,
    migration_name character varying(255) NOT NULL,
    logs text,
    rolled_back_at timestamp with time zone,
    started_at timestamp with time zone DEFAULT now() NOT NULL,
    applied_steps_count integer DEFAULT 0 NOT NULL
);


ALTER TABLE public._prisma_migrations OWNER TO version26;

--
-- Name: college_scores; Type: TABLE; Schema: public; Owner: version26
--

CREATE TABLE public.college_scores (
    "collegeId" integer NOT NULL,
    "totalPoints" integer DEFAULT 0 NOT NULL,
    "firstPrizes" integer DEFAULT 0 NOT NULL,
    "secondPrizes" integer DEFAULT 0 NOT NULL,
    "thirdPrizes" integer DEFAULT 0 NOT NULL,
    "updatedAt" timestamp(3) without time zone NOT NULL
);


ALTER TABLE public.college_scores OWNER TO version26;

--
-- Name: colleges; Type: TABLE; Schema: public; Owner: version26
--

CREATE TABLE public.colleges (
    id integer NOT NULL,
    code character varying(10) NOT NULL,
    name character varying(255) NOT NULL,
    "createdAt" timestamp(3) without time zone DEFAULT CURRENT_TIMESTAMP NOT NULL
);


ALTER TABLE public.colleges OWNER TO version26;

--
-- Name: colleges_id_seq; Type: SEQUENCE; Schema: public; Owner: version26
--

CREATE SEQUENCE public.colleges_id_seq
    AS integer
    START WITH 1
    INCREMENT BY 1
    NO MINVALUE
    NO MAXVALUE
    CACHE 1;


ALTER SEQUENCE public.colleges_id_seq OWNER TO version26;

--
-- Name: colleges_id_seq; Type: SEQUENCE OWNED BY; Schema: public; Owner: version26
--

ALTER SEQUENCE public.colleges_id_seq OWNED BY public.colleges.id;


--
-- Name: event_participations; Type: TABLE; Schema: public; Owner: version26
--

CREATE TABLE public.event_participations (
    id integer NOT NULL,
    "eventId" integer NOT NULL,
    "participantId" integer NOT NULL,
    "dummyId" character varying(50),
    "teamId" character varying(50),
    "createdAt" timestamp(3) without time zone DEFAULT CURRENT_TIMESTAMP NOT NULL
);


ALTER TABLE public.event_participations OWNER TO version26;

--
-- Name: event_participations_id_seq; Type: SEQUENCE; Schema: public; Owner: version26
--

CREATE SEQUENCE public.event_participations_id_seq
    AS integer
    START WITH 1
    INCREMENT BY 1
    NO MINVALUE
    NO MAXVALUE
    CACHE 1;


ALTER SEQUENCE public.event_participations_id_seq OWNER TO version26;

--
-- Name: event_participations_id_seq; Type: SEQUENCE OWNED BY; Schema: public; Owner: version26
--

ALTER SEQUENCE public.event_participations_id_seq OWNED BY public.event_participations.id;


--
-- Name: event_results; Type: TABLE; Schema: public; Owner: version26
--

CREATE TABLE public.event_results (
    id integer NOT NULL,
    "eventId" integer NOT NULL,
    "participantId" integer NOT NULL,
    "position" public."Position" NOT NULL,
    "createdAt" timestamp(3) without time zone DEFAULT CURRENT_TIMESTAMP NOT NULL
);


ALTER TABLE public.event_results OWNER TO version26;

--
-- Name: event_results_id_seq; Type: SEQUENCE; Schema: public; Owner: version26
--

CREATE SEQUENCE public.event_results_id_seq
    AS integer
    START WITH 1
    INCREMENT BY 1
    NO MINVALUE
    NO MAXVALUE
    CACHE 1;


ALTER SEQUENCE public.event_results_id_seq OWNER TO version26;

--
-- Name: event_results_id_seq; Type: SEQUENCE OWNED BY; Schema: public; Owner: version26
--

ALTER SEQUENCE public.event_results_id_seq OWNED BY public.event_results.id;


--
-- Name: events; Type: TABLE; Schema: public; Owner: version26
--

CREATE TABLE public.events (
    id integer NOT NULL,
    name character varying(255) NOT NULL,
    "teamSize" integer DEFAULT 1 NOT NULL,
    "participationPoints" integer DEFAULT 0 NOT NULL,
    "firstPrizePoints" integer DEFAULT 0 NOT NULL,
    "secondPrizePoints" integer DEFAULT 0 NOT NULL,
    "thirdPrizePoints" integer DEFAULT 0 NOT NULL,
    "createdAt" timestamp(3) without time zone DEFAULT CURRENT_TIMESTAMP NOT NULL
);


ALTER TABLE public.events OWNER TO version26;

--
-- Name: events_id_seq; Type: SEQUENCE; Schema: public; Owner: version26
--

CREATE SEQUENCE public.events_id_seq
    AS integer
    START WITH 1
    INCREMENT BY 1
    NO MINVALUE
    NO MAXVALUE
    CACHE 1;


ALTER SEQUENCE public.events_id_seq OWNER TO version26;

--
-- Name: events_id_seq; Type: SEQUENCE OWNED BY; Schema: public; Owner: version26
--

ALTER SEQUENCE public.events_id_seq OWNED BY public.events.id;


--
-- Name: participants; Type: TABLE; Schema: public; Owner: version26
--

CREATE TABLE public.participants (
    id integer NOT NULL,
    "participantId" character varying(50) NOT NULL,
    name character varying(255) NOT NULL,
    "collegeId" integer NOT NULL,
    email character varying(255) NOT NULL,
    year public."Year" NOT NULL,
    "festStatus" public."FestStatus" DEFAULT 'REGISTERED'::public."FestStatus" NOT NULL,
    "hackerearthUser" character varying(100),
    phone character varying(20),
    "createdAt" timestamp(3) without time zone DEFAULT CURRENT_TIMESTAMP NOT NULL
);


ALTER TABLE public.participants OWNER TO version26;

--
-- Name: participants_id_seq; Type: SEQUENCE; Schema: public; Owner: version26
--

CREATE SEQUENCE public.participants_id_seq
    AS integer
    START WITH 1
    INCREMENT BY 1
    NO MINVALUE
    NO MAXVALUE
    CACHE 1;


ALTER SEQUENCE public.participants_id_seq OWNER TO version26;

--
-- Name: participants_id_seq; Type: SEQUENCE OWNED BY; Schema: public; Owner: version26
--

ALTER SEQUENCE public.participants_id_seq OWNED BY public.participants.id;


--
-- Name: ManualScoreAdjustment id; Type: DEFAULT; Schema: public; Owner: version26
--

ALTER TABLE ONLY public."ManualScoreAdjustment" ALTER COLUMN id SET DEFAULT nextval('public."ManualScoreAdjustment_id_seq"'::regclass);


--
-- Name: colleges id; Type: DEFAULT; Schema: public; Owner: version26
--

ALTER TABLE ONLY public.colleges ALTER COLUMN id SET DEFAULT nextval('public.colleges_id_seq'::regclass);


--
-- Name: event_participations id; Type: DEFAULT; Schema: public; Owner: version26
--

ALTER TABLE ONLY public.event_participations ALTER COLUMN id SET DEFAULT nextval('public.event_participations_id_seq'::regclass);


--
-- Name: event_results id; Type: DEFAULT; Schema: public; Owner: version26
--

ALTER TABLE ONLY public.event_results ALTER COLUMN id SET DEFAULT nextval('public.event_results_id_seq'::regclass);


--
-- Name: events id; Type: DEFAULT; Schema: public; Owner: version26
--

ALTER TABLE ONLY public.events ALTER COLUMN id SET DEFAULT nextval('public.events_id_seq'::regclass);


--
-- Name: participants id; Type: DEFAULT; Schema: public; Owner: version26
--

ALTER TABLE ONLY public.participants ALTER COLUMN id SET DEFAULT nextval('public.participants_id_seq'::regclass);


--
-- Data for Name: ManualScoreAdjustment; Type: TABLE DATA; Schema: public; Owner: version26
--

COPY public."ManualScoreAdjustment" (id, "collegeId", points, reason, "createdAt") FROM stdin;
\.


--
-- Data for Name: User; Type: TABLE DATA; Schema: public; Owner: version26
--

COPY public."User" (id, name, email, password, role, "createdAt", "updatedAt") FROM stdin;
1943ab1f-8d75-4524-b215-4a0a73e85cd9	Ustaad JI	admin@version26.in	$2b$10$AOGYfo9QbeVKxzcofg234ujG77c3GX5R0f8vdgnXhYEWnRK4BvgH2	ADMIN	2026-03-18 02:16:37.103	2026-03-18 02:16:37.103
0d3f0340-bcd0-4d9d-9dc3-423e5ce1704c	Operator	operator@version26.in	$2b$10$nQuHb/n51duNN8YszgW6zu9YJvNspdW0IL5d8XQ5UEJS1lzi.FLeu	OPERATOR	2026-03-18 02:45:57.021	2026-03-18 02:45:57.021
1a64feec-5950-46de-9216-d92e7458b5c1	PR DESK	desk@version26.in	$2b$10$XAQ2BYfueYeWOZVqowVxheeIfTjdOxCqWz/WmY.yVBDjV98zi3pLq	DESK	2026-03-18 02:46:33.812	2026-03-18 02:46:33.812
\.


--
-- Data for Name: _prisma_migrations; Type: TABLE DATA; Schema: public; Owner: version26
--

COPY public._prisma_migrations (id, checksum, finished_at, migration_name, logs, rolled_back_at, started_at, applied_steps_count) FROM stdin;
b591642c-9bc1-44a4-a2de-54409b42425a	65d72acec7966725857dae186b06d8235121a961889326b21f59a6292f4dd21a	2026-03-18 02:14:06.120885+00	20260305053645_prod	\N	\N	2026-03-18 02:14:05.98651+00	1
\.


--
-- Data for Name: college_scores; Type: TABLE DATA; Schema: public; Owner: version26
--

COPY public.college_scores ("collegeId", "totalPoints", "firstPrizes", "secondPrizes", "thirdPrizes", "updatedAt") FROM stdin;
1	330	0	0	0	2026-03-23 18:31:11.436
10	550	0	0	0	2026-03-23 18:31:11.439
16	555	1	0	0	2026-03-23 18:31:11.439
2	575	1	1	0	2026-03-23 18:31:11.44
3	530	0	0	0	2026-03-23 18:31:11.441
4	678	0	1	1	2026-03-23 18:31:11.442
5	570	1	0	1	2026-03-23 18:31:11.442
6	460	0	0	0	2026-03-23 18:31:11.445
7	530	0	0	0	2026-03-23 18:31:11.447
8	560	0	0	0	2026-03-23 18:31:11.448
9	530	0	0	1	2026-03-23 18:31:11.451
11	590	0	0	0	2026-03-23 18:31:11.452
12	615	0	2	0	2026-03-23 18:31:11.454
13	470	0	0	0	2026-03-23 18:31:11.457
14	600	1	0	0	2026-03-23 18:31:11.458
15	620	1	1	1	2026-03-23 18:31:11.461
17	550	0	0	0	2026-03-23 18:31:11.462
18	160	0	0	0	2026-03-23 18:31:11.463
19	530	0	0	0	2026-03-23 18:31:11.465
20	630	1	0	0	2026-03-23 18:31:11.466
21	695	3	0	1	2026-03-23 18:31:11.468
22	815	1	3	2	2026-03-23 18:31:11.47
\.


--
-- Data for Name: colleges; Type: TABLE DATA; Schema: public; Owner: version26
--

COPY public.colleges (id, code, name, "createdAt") FROM stdin;
1	RU	Ramdeobaba University	2026-03-18 02:17:14.51
10	HBTU	Harcourt Butler Technical University	2026-03-18 02:17:14.608
16	ICFAI	ICFAI UNIVERSITY JAIPUR	2026-03-18 02:17:14.669
2	CUSAT	Cochin University of Science and Technology	2026-03-18 02:17:14.507
3	IIITVIC	IIIT Vadodara- International Campus Diu	2026-03-18 02:17:14.523
4	NITW	National Institute Of Technology Warangal	2026-03-18 02:17:14.525
5	SPIT	Sardar Patel Institute of Technology	2026-03-18 02:17:14.571
6	KJS	K J Somaiya Institute of Management	2026-03-18 02:17:14.575
7	NITR	National institute of technology RAIPUR	2026-03-18 02:17:14.589
8	PU	Panjab University Chandigarh	2026-03-18 02:17:14.601
9	IGDTU	INDIRA GANDHI DELHI TECHNICAL UNIVERSITY FOR WOMEN	2026-03-18 02:17:14.606
11	POU	Pondicherry University	2026-03-18 02:17:14.621
12	CHR	CHRIST (Deemed to be University)	2026-03-18 02:17:14.625
13	CUCEK	Cochin University College Of Engineering Kuttanad	2026-03-18 02:17:14.635
14	PSG	PSG COLLEGE OF TECHNOLOGY	2026-03-18 02:17:14.65
15	IIITV	Indian Institute of Information Technology Vadodara	2026-03-18 02:17:14.662
17	IIITB	Indian Institute of Information Technology Bhopal	2026-03-18 02:17:14.677
18	SGSITS	SGSITS, Indore	2026-03-18 02:17:14.68
19	UOH	UNIVERSITY OF HYDERABAD	2026-03-18 02:17:14.685
20	VESIT	Vivekanand education society institute of technology	2026-03-18 02:17:14.7
21	VJTI	Veermata Jijabai Technological Institute (VJTI)	2026-03-18 02:17:14.723
22	NITK	National Institute of Technology Karnataka	2026-03-18 02:17:14.723
\.


--
-- Data for Name: event_participations; Type: TABLE DATA; Schema: public; Owner: version26
--

COPY public.event_participations (id, "eventId", "participantId", "dummyId", "teamId", "createdAt") FROM stdin;
1	12	104	\N	APLA DABBA	2026-03-18 02:48:19.846
2	12	101	\N	APLA DABBA	2026-03-18 02:48:38.364
3	12	99	\N	APLA DABBA	2026-03-18 02:48:51.36
4	12	102	\N	APLA DABBA	2026-03-18 02:49:01.714
5	12	100	\N	APLA DABBA	2026-03-18 02:49:14.468
6	12	103	\N	APLA DABBA	2026-03-18 02:49:26.634
7	12	22	\N	AquaShield	2026-03-18 03:06:01.629
8	12	24	\N	AquaShield	2026-03-18 03:06:19.684
9	12	23	\N	AquaShield	2026-03-18 03:06:44.858
10	12	21	\N	AquaShield	2026-03-18 03:07:56.792
11	12	20	\N	AquaShield	2026-03-18 03:08:18.156
12	12	19	\N	AquaShield	2026-03-18 03:08:24.54
13	12	123	\N	BikeSafe	2026-03-18 03:09:11.282
14	12	127	\N	BikeSafe	2026-03-18 03:09:30.466
15	12	126	\N	BikeSafe	2026-03-18 03:09:39.86
16	12	125	\N	BikeSafe	2026-03-18 03:09:55.806
17	12	124	\N	BikeSafe	2026-03-18 03:10:40.456
18	12	122	\N	BikeSafe	2026-03-18 03:10:47.085
19	12	26	\N	DeeCoun	2026-03-18 03:11:19.248
20	12	30	\N	DeeCoun	2026-03-18 03:11:37.177
21	12	29	\N	DeeCoun	2026-03-18 03:11:52.356
22	12	28	\N	DeeCoun	2026-03-18 03:12:07.101
23	12	27	\N	DeeCoun	2026-03-18 03:12:14.083
24	12	25	\N	DeeCoun	2026-03-18 03:12:23.232
25	12	77	\N	HexaCoders	2026-03-18 03:12:45.532
26	12	80	\N	HexaCoders	2026-03-18 03:13:30.085
27	12	79	\N	HexaCoders	2026-03-18 03:13:38.959
28	12	78	\N	HexaCoders	2026-03-18 03:13:46.128
29	12	76	\N	HexaCoders	2026-03-18 03:13:53.563
30	12	75	\N	HexaCoders	2026-03-18 03:14:00.426
31	12	41	\N	Hustlers	2026-03-18 03:14:48.518
32	12	42	\N	Hustlers	2026-03-18 03:15:07.066
33	12	40	\N	Hustlers	2026-03-18 03:15:14.534
34	12	39	\N	Hustlers	2026-03-18 03:15:33.759
35	12	38	\N	Hustlers	2026-03-18 03:15:43.025
36	12	37	\N	Hustlers	2026-03-18 03:15:50.921
37	12	86	\N	pondicherry	2026-03-18 03:16:07.815
38	12	85	\N	pondicherry	2026-03-18 03:16:13.923
39	12	84	\N	pondicherry	2026-03-18 03:16:20.608
40	12	83	\N	pondicherry	2026-03-18 03:16:26.288
41	12	82	\N	pondicherry	2026-03-18 03:16:32.605
42	12	81	\N	pondicherry	2026-03-18 03:16:38.282
43	12	92	\N	PSGians	2026-03-18 03:17:46.17
44	12	91	\N	PSGians	2026-03-18 03:17:53.406
45	12	90	\N	PSGians	2026-03-18 03:18:01.807
46	12	89	\N	PSGians	2026-03-18 03:18:10.474
47	12	88	\N	PSGians	2026-03-18 03:18:17.799
48	12	87	\N	PSGians	2026-03-18 03:18:25.145
49	12	74	\N	Sentinel Biomechanics	2026-03-18 03:18:57.977
50	12	73	\N	Sentinel Biomechanics	2026-03-18 03:19:26.313
51	12	72	\N	SeSentinel Biomechanicsntinel Biomechanics	2026-03-18 03:19:36.943
52	12	71	\N	Sentinel Biomechanics	2026-03-18 03:19:44.002
53	12	70	\N	Sentinel Biomechanics	2026-03-18 03:19:51.754
54	12	69	\N	Sentinel Biomechanics	2026-03-18 03:19:58.738
55	12	62	\N	Sourabh Aur Uske 5 Dost	2026-03-18 03:21:28.923
56	12	61	\N	Sourabh Aur Uske 5 Dost	2026-03-18 03:21:38.729
57	12	60	\N	Sourabh Aur Uske 5 Dost	2026-03-18 03:21:46.04
58	12	59	\N	Sourabh Aur Uske 5 Dost	2026-03-18 03:21:57.026
59	12	58	\N	Sourabh Aur Uske 5 Dost	2026-03-18 03:22:04.507
60	12	57	\N	Sourabh Aur Uske 5 Dost	2026-03-18 03:22:12.666
61	12	130	\N	Team Icon	2026-03-18 03:22:34.422
62	12	129	\N	Team Icon	2026-03-18 03:22:42.477
63	12	128	\N	Team Icon	2026-03-18 03:22:50.922
64	12	56	\N	Team Icon	2026-03-18 03:22:57.578
65	12	55	\N	Team Icon	2026-03-18 03:23:03.896
66	12	68	\N	TEAM VERTEX	2026-03-18 03:23:36.224
67	12	67	\N	TEAM VERTEX	2026-03-18 03:23:42.429
68	12	66	\N	TEAM VERTEX	2026-03-18 03:23:49.179
69	12	65	\N	TEAM VERTEX	2026-03-18 03:23:57.647
70	12	64	\N	TEAM VERTEX	2026-03-18 03:24:04.228
71	12	63	\N	TEAM VERTEX	2026-03-18 03:24:12.896
72	12	36	\N	VOTE-SHIELD	2026-03-18 03:25:39.066
73	12	35	\N	VOTE-SHIELD	2026-03-18 03:26:17.325
74	12	34	\N	VOTE-SHIELD	2026-03-18 03:26:27.259
75	12	33	\N	VOTE-SHIELD	2026-03-18 03:26:36.384
76	12	32	\N	VOTE-SHIELD	2026-03-18 03:26:45.702
77	12	31	\N	VOTE-SHIELD	2026-03-18 03:26:51.637
90	1	53	\N	\N	2026-03-20 07:05:31.901
91	1	51	\N	\N	2026-03-20 07:05:35.729
92	1	49	\N	\N	2026-03-20 07:05:40.475
93	1	50	\N	\N	2026-03-20 07:05:43.377
94	1	54	\N	\N	2026-03-20 07:05:45.076
95	1	52	\N	\N	2026-03-20 07:05:48.074
96	1	90	\N	\N	2026-03-20 07:09:07.39
97	1	87	\N	\N	2026-03-20 07:09:13.573
98	1	91	\N	\N	2026-03-20 07:09:16.942
99	1	55	\N	\N	2026-03-20 07:17:35.246
100	1	128	\N	\N	2026-03-20 07:17:42.327
101	1	56	\N	\N	2026-03-20 07:17:47.053
102	1	130	\N	\N	2026-03-20 07:17:52.246
103	1	129	\N	\N	2026-03-20 07:17:54.174
104	1	72	\N	\N	2026-03-20 07:20:46.713
105	1	70	\N	\N	2026-03-20 07:20:51.037
106	1	71	\N	\N	2026-03-20 07:20:55.175
107	1	69	\N	\N	2026-03-20 07:21:10.457
108	1	103	\N	\N	2026-03-20 07:23:23.512
109	1	101	\N	\N	2026-03-20 07:23:26.501
110	1	102	\N	\N	2026-03-20 07:23:30.792
111	1	42	\N	\N	2026-03-20 07:24:10.938
112	1	38	\N	\N	2026-03-20 07:24:16.186
113	1	41	\N	\N	2026-03-20 07:24:24.348
114	1	16	\N	\N	2026-03-20 07:24:26.568
115	1	17	\N	\N	2026-03-20 07:24:30.896
116	1	40	\N	\N	2026-03-20 07:24:35.305
117	1	13	\N	\N	2026-03-20 07:24:37.043
118	1	15	\N	\N	2026-03-20 07:24:39.7
119	1	77	\N	\N	2026-03-20 07:25:48.362
120	1	80	\N	\N	2026-03-20 07:25:54.344
121	1	76	\N	\N	2026-03-20 07:26:00.171
122	1	84	\N	\N	2026-03-20 07:26:09.553
123	1	75	\N	\N	2026-03-20 07:26:11.277
124	1	73	\N	\N	2026-03-20 07:27:25.694
125	1	14	\N	\N	2026-03-20 07:27:37.921
126	1	18	\N	\N	2026-03-20 07:27:39.917
127	1	7	\N	\N	2026-03-20 07:27:52.652
128	1	8	\N	\N	2026-03-20 07:28:00.903
129	1	59	\N	\N	2026-03-20 07:28:14.736
130	1	57	\N	\N	2026-03-20 07:28:16.768
131	1	58	\N	\N	2026-03-20 07:28:22.335
132	1	60	\N	\N	2026-03-20 07:28:22.691
133	1	39	\N	\N	2026-03-20 07:28:34.668
134	1	37	\N	\N	2026-03-20 07:28:35.307
135	1	108	\N	\N	2026-03-20 07:28:39.812
136	1	107	\N	\N	2026-03-20 07:28:44.061
137	1	61	\N	\N	2026-03-20 07:28:45.718
138	1	62	\N	\N	2026-03-20 07:28:47.935
139	1	113	\N	\N	2026-03-20 07:29:13.268
140	1	68	\N	\N	2026-03-20 07:29:20.173
141	1	65	\N	\N	2026-03-20 07:29:23.58
142	1	32	\N	\N	2026-03-20 07:29:29.151
143	1	79	\N	\N	2026-03-20 07:29:37.117
144	1	78	\N	\N	2026-03-20 07:29:38.321
145	1	112	\N	\N	2026-03-20 07:29:42.848
146	1	5	\N	\N	2026-03-20 07:29:55.799
147	1	1	\N	\N	2026-03-20 07:29:59.651
148	1	4	\N	\N	2026-03-20 07:30:04.762
149	1	2	\N	\N	2026-03-20 07:30:08.738
150	1	114	\N	\N	2026-03-20 07:30:10.799
151	1	6	\N	\N	2026-03-20 07:30:13.56
152	1	111	\N	\N	2026-03-20 07:30:14.744
153	1	110	\N	\N	2026-03-20 07:30:15.985
154	1	74	\N	\N	2026-03-20 07:30:30.684
156	1	115	\N	\N	2026-03-20 07:30:38.167
155	1	99	\N	\N	2026-03-20 07:30:36.666
157	1	3	\N	\N	2026-03-20 07:31:31.994
158	1	34	\N	\N	2026-03-20 07:31:56.143
159	1	35	\N	\N	2026-03-20 07:31:59.103
160	1	109	\N	\N	2026-03-20 07:32:09.943
161	1	31	\N	\N	2026-03-20 07:33:05.544
162	1	105	\N	\N	2026-03-20 07:33:40.268
163	1	106	\N	\N	2026-03-20 07:33:41.366
164	1	124	\N	\N	2026-03-20 07:34:16.011
165	1	126	\N	\N	2026-03-20 07:34:19.167
166	1	92	\N	\N	2026-03-20 07:34:31.973
167	1	88	\N	\N	2026-03-20 07:34:35.493
168	1	89	\N	\N	2026-03-20 07:34:37.786
169	1	20	\N	\N	2026-03-20 07:35:00.419
170	1	21	\N	\N	2026-03-20 07:35:03.582
171	1	19	\N	\N	2026-03-20 07:35:06.195
172	1	36	\N	\N	2026-03-20 07:35:21.405
173	1	33	\N	\N	2026-03-20 07:35:21.946
174	1	26	\N	\N	2026-03-20 07:35:44.931
175	1	28	\N	\N	2026-03-20 07:35:46.263
176	1	25	\N	\N	2026-03-20 07:35:51.334
177	1	27	\N	\N	2026-03-20 07:35:53.382
178	1	10	\N	\N	2026-03-20 07:36:06.43
179	1	11	\N	\N	2026-03-20 07:36:08.776
180	1	9	\N	\N	2026-03-20 07:36:10.199
181	1	12	\N	\N	2026-03-20 07:36:12.724
182	1	43	\N	\N	2026-03-20 07:36:23.35
183	1	47	\N	\N	2026-03-20 07:36:26.678
184	1	44	\N	\N	2026-03-20 07:36:29.104
185	1	48	\N	\N	2026-03-20 07:36:33.557
186	1	45	\N	\N	2026-03-20 07:36:37.149
187	1	46	\N	\N	2026-03-20 07:36:39.916
188	1	93	\N	\N	2026-03-20 07:38:35.349
189	1	66	\N	\N	2026-03-20 07:38:52.56
190	1	64	\N	\N	2026-03-20 07:38:55.757
191	1	63	\N	\N	2026-03-20 07:38:57.655
192	1	67	\N	\N	2026-03-20 07:38:58.811
193	1	125	\N	\N	2026-03-20 07:40:23.124
194	1	127	\N	\N	2026-03-20 07:40:25.558
195	1	123	\N	\N	2026-03-20 07:40:29.124
196	1	122	\N	\N	2026-03-20 07:40:30.805
197	1	86	\N	\N	2026-03-20 07:42:48.033
198	1	81	\N	\N	2026-03-20 07:42:52.467
199	1	82	\N	\N	2026-03-20 07:42:54.171
200	1	24	\N	\N	2026-03-20 07:42:55.044
201	1	85	\N	\N	2026-03-20 07:42:55.706
202	1	23	\N	\N	2026-03-20 07:42:57.348
203	1	22	\N	\N	2026-03-20 07:42:58.928
204	1	83	\N	\N	2026-03-20 07:43:01.929
205	1	97	\N	\N	2026-03-20 07:46:17.455
206	1	95	\N	\N	2026-03-20 07:46:22.054
207	1	98	\N	\N	2026-03-20 07:46:25.569
208	1	94	\N	\N	2026-03-20 07:46:50.775
209	1	96	\N	\N	2026-03-20 07:46:51.82
210	1	30	\N	\N	2026-03-20 07:47:07.303
211	1	29	\N	\N	2026-03-20 07:47:08.864
212	1	100	\N	\N	2026-03-20 07:53:15.984
213	1	120	\N	\N	2026-03-20 07:53:32.379
215	1	119	\N	\N	2026-03-20 07:54:00.258
216	1	121	\N	\N	2026-03-20 07:57:48.33
217	1	118	\N	\N	2026-03-20 07:57:54.015
218	1	117	\N	\N	2026-03-20 07:57:55.788
219	1	116	\N	\N	2026-03-20 07:58:53.957
249	2	36	\N	\N	2026-03-20 11:04:42.541
250	2	47	\N	\N	2026-03-20 11:05:12.556
251	2	44	\N	\N	2026-03-20 11:05:22.479
252	2	45	\N	\N	2026-03-20 11:05:25.078
253	2	43	\N	\N	2026-03-20 11:05:29.748
254	2	99	\N	\N	2026-03-20 11:05:33.727
255	2	124	\N	\N	2026-03-20 11:05:46.397
256	2	126	\N	\N	2026-03-20 11:05:49.029
257	2	123	\N	\N	2026-03-20 11:05:51.076
258	2	122	\N	\N	2026-03-20 11:05:53.358
259	2	125	\N	\N	2026-03-20 11:05:54.848
260	2	127	\N	\N	2026-03-20 11:05:55.058
261	2	101	\N	\N	2026-03-20 11:06:07.429
262	2	103	\N	\N	2026-03-20 11:06:11.6
263	2	82	\N	\N	2026-03-20 11:06:12.142
264	2	81	\N	\N	2026-03-20 11:06:14.325
265	2	84	\N	\N	2026-03-20 11:06:16.542
266	2	60	\N	\N	2026-03-20 11:06:27.312
267	2	80	\N	\N	2026-03-20 11:06:33.704
268	2	77	\N	\N	2026-03-20 11:06:38.89
269	2	76	\N	\N	2026-03-20 11:06:40.475
270	2	104	\N	\N	2026-03-20 11:06:41.657
271	2	75	\N	\N	2026-03-20 11:06:42.159
272	2	79	\N	\N	2026-03-20 11:06:47.672
273	2	78	\N	\N	2026-03-20 11:06:48.291
274	2	86	\N	\N	2026-03-20 11:06:52.814
275	2	83	\N	\N	2026-03-20 11:06:53.887
276	2	85	\N	\N	2026-03-20 11:06:59.03
277	2	112	\N	\N	2026-03-20 11:07:17.415
278	2	114	\N	\N	2026-03-20 11:07:22.343
279	2	115	\N	\N	2026-03-20 11:07:25.278
280	2	110	\N	\N	2026-03-20 11:07:30.291
281	2	113	\N	\N	2026-03-20 11:07:33.475
282	2	14	\N	\N	2026-03-20 11:07:46.156
283	2	18	\N	\N	2026-03-20 11:07:49.874
284	2	31	\N	\N	2026-03-20 11:07:55.593
285	2	34	\N	\N	2026-03-20 11:07:58.358
286	2	35	\N	\N	2026-03-20 11:08:04.473
287	2	33	\N	\N	2026-03-20 11:08:09.423
288	2	120	\N	\N	2026-03-20 11:08:15.628
289	2	119	\N	\N	2026-03-20 11:08:17.861
290	2	17	\N	\N	2026-03-20 11:08:18.85
291	2	16	\N	\N	2026-03-20 11:08:21.153
292	2	121	\N	\N	2026-03-20 11:08:21.458
293	2	118	\N	\N	2026-03-20 11:08:22.674
294	2	116	\N	\N	2026-03-20 11:08:25.573
295	2	117	\N	\N	2026-03-20 11:08:28.375
296	2	15	\N	\N	2026-03-20 11:08:31.908
297	2	57	\N	\N	2026-03-20 11:08:37.855
298	2	58	\N	\N	2026-03-20 11:08:39.104
299	2	13	\N	\N	2026-03-20 11:08:41.005
300	2	27	\N	\N	2026-03-20 11:08:51.686
301	2	25	\N	\N	2026-03-20 11:08:57.839
302	2	29	\N	\N	2026-03-20 11:09:00.706
303	2	28	\N	\N	2026-03-20 11:09:06.922
304	2	102	\N	\N	2026-03-20 11:09:08.453
305	2	30	\N	\N	2026-03-20 11:09:11.785
306	2	26	\N	\N	2026-03-20 11:09:14.505
307	2	32	\N	\N	2026-03-20 11:09:14.99
308	2	62	\N	\N	2026-03-20 11:09:19.975
309	2	68	\N	\N	2026-03-20 11:09:26.141
310	2	55	\N	\N	2026-03-20 11:09:30.589
311	2	65	\N	\N	2026-03-20 11:09:31.057
312	2	66	\N	\N	2026-03-20 11:09:33.231
313	2	130	\N	\N	2026-03-20 11:09:34.855
246	13	71	\N	nitw	2026-03-20 09:56:21.852
245	13	72	\N	nitw	2026-03-20 09:56:21.164
244	13	73	\N	nitw	2026-03-20 09:56:20.62
243	13	74	\N	nitw	2026-03-20 09:56:19.992
241	13	82	\N	pou	2026-03-20 09:56:09.876
240	13	83	\N	pou	2026-03-20 09:56:08.798
239	13	84	\N	pou	2026-03-20 09:56:07.886
238	13	85	\N	pou	2026-03-20 09:56:07.185
237	13	86	\N	pou	2026-03-20 09:56:06.583
236	13	55	\N	kjs	2026-03-20 09:55:54.767
235	13	56	\N	kjs	2026-03-20 09:55:53.853
234	13	128	\N	kjs	2026-03-20 09:55:52.866
233	13	129	\N	kjs	2026-03-20 09:55:52.067
232	13	130	\N	kjs	2026-03-20 09:55:51.431
230	13	123	\N	vesit	2026-03-20 09:55:35.593
229	13	124	\N	vesit	2026-03-20 09:55:34.574
228	13	125	\N	vesit	2026-03-20 09:55:18.259
227	13	126	\N	vesit	2026-03-20 09:55:17.038
225	13	19	\N	hbtu	2026-03-20 09:54:57.623
224	13	20	\N	hbtu	2026-03-20 09:54:56.726
223	13	21	\N	hbtu	2026-03-20 09:54:55.728
222	13	22	\N	hbtu	2026-03-20 09:54:54.883
220	13	24	\N	hbtu	2026-03-20 09:54:53.019
314	2	64	\N	\N	2026-03-20 11:09:36.525
315	2	61	\N	\N	2026-03-20 11:09:48.471
316	2	59	\N	\N	2026-03-20 11:09:50.541
317	2	128	\N	\N	2026-03-20 11:09:57.402
319	2	129	\N	\N	2026-03-20 11:10:00.294
320	2	63	\N	\N	2026-03-20 11:10:01.714
321	2	56	\N	\N	2026-03-20 11:10:04.913
325	2	93	\N	\N	2026-03-20 11:10:38.223
337	2	37	\N	\N	2026-03-20 11:12:07.823
339	2	3	\N	\N	2026-03-20 11:12:25.503
340	2	1	\N	\N	2026-03-20 11:12:27.539
346	2	108	\N	\N	2026-03-20 11:13:18.354
348	2	105	\N	\N	2026-03-20 11:13:26.873
318	2	67	\N	\N	2026-03-20 11:09:59.603
322	2	72	\N	\N	2026-03-20 11:10:20.521
323	2	48	\N	\N	2026-03-20 11:10:21.295
324	2	100	\N	\N	2026-03-20 11:10:29.972
326	2	9	\N	\N	2026-03-20 11:11:30.073
327	2	12	\N	\N	2026-03-20 11:11:34.167
328	2	38	\N	\N	2026-03-20 11:11:39.704
329	2	40	\N	\N	2026-03-20 11:11:40.642
330	2	74	\N	\N	2026-03-20 11:11:55.438
331	2	69	\N	\N	2026-03-20 11:11:58.954
332	2	42	\N	\N	2026-03-20 11:11:59.107
333	2	71	\N	\N	2026-03-20 11:12:01.761
334	2	41	\N	\N	2026-03-20 11:12:01.801
335	2	70	\N	\N	2026-03-20 11:12:03.456
336	2	39	\N	\N	2026-03-20 11:12:04.98
338	2	73	\N	\N	2026-03-20 11:12:19.847
341	2	2	\N	\N	2026-03-20 11:12:29.697
342	2	5	\N	\N	2026-03-20 11:12:30.835
343	2	4	\N	\N	2026-03-20 11:12:36.411
344	2	6	\N	\N	2026-03-20 11:12:44.625
345	2	106	\N	\N	2026-03-20 11:13:16.208
347	2	107	\N	\N	2026-03-20 11:13:24.788
349	2	111	\N	\N	2026-03-20 11:15:27.654
350	2	53	\N	\N	2026-03-20 11:16:23.068
351	2	51	\N	\N	2026-03-20 11:16:29.335
352	2	8	\N	\N	2026-03-20 11:16:54.368
353	2	7	\N	\N	2026-03-20 11:17:57.445
354	2	21	\N	\N	2026-03-20 11:18:29.47
355	2	23	\N	\N	2026-03-20 11:18:32.801
356	2	19	\N	\N	2026-03-20 11:18:35.634
357	2	22	\N	\N	2026-03-20 11:18:39.652
358	2	20	\N	\N	2026-03-20 11:18:44.453
359	2	24	\N	\N	2026-03-20 11:18:46.407
360	2	52	\N	\N	2026-03-20 11:19:02.622
361	2	89	\N	\N	2026-03-20 11:20:39.559
362	2	88	\N	\N	2026-03-20 11:20:45.852
363	2	92	\N	\N	2026-03-20 11:20:51.414
364	2	90	\N	\N	2026-03-20 11:20:57.717
365	2	91	\N	\N	2026-03-20 11:21:02.286
366	2	87	\N	\N	2026-03-20 11:21:05.156
367	2	50	\N	\N	2026-03-20 11:21:13.647
368	2	54	\N	\N	2026-03-20 11:21:15.015
369	2	49	\N	\N	2026-03-20 11:21:18.333
370	2	11	\N	\N	2026-03-20 11:27:20.293
371	2	10	\N	\N	2026-03-20 11:27:21.987
372	1	104	\N	\N	2026-03-21 02:35:09.075
373	4	28	\N	\N	2026-03-21 03:02:51.029
374	4	27	\N	\N	2026-03-21 03:02:53.637
375	4	87	\N	\N	2026-03-21 03:08:44.127
376	4	91	\N	\N	2026-03-21 03:08:47.558
377	4	90	\N	\N	2026-03-21 03:08:53.385
378	4	84	\N	\N	2026-03-21 03:09:51.004
379	4	54	\N	\N	2026-03-21 03:10:43.39
380	4	52	\N	\N	2026-03-21 03:10:45.751
381	4	51	\N	\N	2026-03-21 03:10:57.696
382	4	53	\N	\N	2026-03-21 03:10:59.626
383	4	50	\N	\N	2026-03-21 03:11:01.5
384	4	49	\N	\N	2026-03-21 03:11:02.1
385	4	81	\N	\N	2026-03-21 03:11:14.308
386	4	82	\N	\N	2026-03-21 03:11:19.063
387	4	99	\N	\N	2026-03-21 03:15:41.455
388	4	101	\N	\N	2026-03-21 03:15:48.415
389	4	121	\N	\N	2026-03-21 03:18:08.017
390	4	118	\N	\N	2026-03-21 03:18:22.793
391	4	116	\N	\N	2026-03-21 03:18:28.554
392	4	119	\N	\N	2026-03-21 03:18:34.385
393	4	117	\N	\N	2026-03-21 03:18:44.52
394	4	35	\N	\N	2026-03-21 03:18:55.408
395	4	1	\N	\N	2026-03-21 03:20:23.794
396	4	3	\N	\N	2026-03-21 03:20:27.009
397	4	6	\N	\N	2026-03-21 03:21:29.903
398	4	5	\N	\N	2026-03-21 03:21:33.121
399	4	75	\N	\N	2026-03-21 03:21:38.045
400	4	76	\N	\N	2026-03-21 03:21:41.049
401	4	80	\N	\N	2026-03-21 03:21:44.209
402	4	77	\N	\N	2026-03-21 03:21:46.077
403	4	2	\N	\N	2026-03-21 03:22:06.801
404	4	4	\N	\N	2026-03-21 03:22:12.549
405	4	22	\N	\N	2026-03-21 03:22:33.681
406	4	23	\N	\N	2026-03-21 03:22:37.384
407	4	24	\N	\N	2026-03-21 03:22:39.352
408	4	93	\N	\N	2026-03-21 03:22:54.362
409	4	34	\N	\N	2026-03-21 03:22:54.979
410	4	94	\N	\N	2026-03-21 03:22:56.512
411	4	31	\N	\N	2026-03-21 03:22:56.911
412	4	96	\N	\N	2026-03-21 03:22:59.215
413	4	97	\N	\N	2026-03-21 03:23:00.861
414	4	95	\N	\N	2026-03-21 03:23:07.695
415	4	98	\N	\N	2026-03-21 03:23:10.488
416	4	112	\N	\N	2026-03-21 03:23:33.631
417	4	115	\N	\N	2026-03-21 03:23:37.062
418	4	114	\N	\N	2026-03-21 03:23:40.785
419	4	113	\N	\N	2026-03-21 03:23:45.062
420	4	111	\N	\N	2026-03-21 03:23:49.099
421	4	110	\N	\N	2026-03-21 03:23:51.158
422	4	83	\N	\N	2026-03-21 03:25:41.975
423	4	68	\N	\N	2026-03-21 03:26:20.211
424	4	124	\N	\N	2026-03-21 03:26:52.527
425	4	126	\N	\N	2026-03-21 03:26:54.527
426	4	65	\N	\N	2026-03-21 03:27:18.426
427	4	85	\N	\N	2026-03-21 03:27:56.304
428	4	86	\N	\N	2026-03-21 03:27:57.175
429	4	55	\N	\N	2026-03-21 03:28:33.372
430	4	130	\N	\N	2026-03-21 03:28:36.122
431	4	72	\N	\N	2026-03-21 03:28:49.855
432	4	74	\N	\N	2026-03-21 03:28:51.271
433	4	69	\N	\N	2026-03-21 03:28:53.975
434	4	73	\N	\N	2026-03-21 03:28:56.536
435	4	38	\N	\N	2026-03-21 03:29:05.447
436	4	40	\N	\N	2026-03-21 03:29:10.081
437	4	70	\N	\N	2026-03-21 03:29:15.928
438	4	42	\N	\N	2026-03-21 03:29:31.743
439	4	120	\N	\N	2026-03-21 03:29:51.473
440	4	71	\N	\N	2026-03-21 03:30:06.634
441	4	104	\N	\N	2026-03-21 03:31:00.858
442	4	41	\N	\N	2026-03-21 03:31:19.951
443	4	37	\N	\N	2026-03-21 03:31:20.507
444	4	33	\N	\N	2026-03-21 03:31:36.296
445	4	39	\N	\N	2026-03-21 03:32:17.753
446	4	58	\N	\N	2026-03-21 03:32:42.816
447	4	106	\N	\N	2026-03-21 03:33:03.577
448	4	105	\N	\N	2026-03-21 03:33:05.182
449	4	60	\N	\N	2026-03-21 03:33:07.408
450	4	57	\N	\N	2026-03-21 03:33:09.702
451	4	62	\N	\N	2026-03-21 03:33:12.319
452	4	61	\N	\N	2026-03-21 03:33:13.577
453	4	59	\N	\N	2026-03-21 03:33:19.015
454	4	32	\N	\N	2026-03-21 03:34:39.025
455	4	127	\N	\N	2026-03-21 03:34:39.156
456	4	36	\N	\N	2026-03-21 03:34:39.641
457	4	125	\N	\N	2026-03-21 03:34:43.441
458	4	123	\N	\N	2026-03-21 03:34:53.048
459	4	79	\N	\N	2026-03-21 03:34:54.664
460	4	78	\N	\N	2026-03-21 03:34:55.223
461	4	122	\N	\N	2026-03-21 03:35:08.096
462	4	129	\N	\N	2026-03-21 03:35:51.882
463	4	128	\N	\N	2026-03-21 03:35:53.92
464	4	56	\N	\N	2026-03-21 03:35:55.233
465	4	14	\N	\N	2026-03-21 03:36:03.014
466	4	18	\N	\N	2026-03-21 03:36:21.377
467	4	103	\N	\N	2026-03-21 03:36:30.328
468	4	45	\N	\N	2026-03-21 03:36:40.206
469	4	46	\N	\N	2026-03-21 03:36:43.379
470	4	44	\N	\N	2026-03-21 03:36:47.618
471	4	43	\N	\N	2026-03-21 03:36:51.497
472	4	47	\N	\N	2026-03-21 03:36:54.36
473	4	102	\N	\N	2026-03-21 03:37:14.947
474	4	16	\N	\N	2026-03-21 03:38:40.483
475	4	15	\N	\N	2026-03-21 03:38:48.393
476	4	13	\N	\N	2026-03-21 03:38:50.272
477	4	100	\N	\N	2026-03-21 03:38:51.417
478	4	17	\N	\N	2026-03-21 03:38:51.544
479	4	66	\N	\N	2026-03-21 03:39:22.391
480	4	48	\N	\N	2026-03-21 03:39:23.752
481	4	67	\N	\N	2026-03-21 03:39:27.305
482	4	64	\N	\N	2026-03-21 03:39:28.603
483	4	63	\N	\N	2026-03-21 03:39:30.804
484	4	7	\N	\N	2026-03-21 03:41:16.61
485	4	8	\N	\N	2026-03-21 03:41:19.881
486	4	30	\N	\N	2026-03-21 03:42:14.011
487	4	26	\N	\N	2026-03-21 03:42:15.667
488	4	25	\N	\N	2026-03-21 03:42:24.601
489	4	9	\N	\N	2026-03-21 03:42:51.914
490	4	11	\N	\N	2026-03-21 03:42:55.819
491	4	10	\N	\N	2026-03-21 03:42:56.858
492	4	12	\N	\N	2026-03-21 03:42:57.857
493	4	29	\N	\N	2026-03-21 03:43:22.379
494	4	92	\N	\N	2026-03-21 03:45:22.204
495	4	89	\N	\N	2026-03-21 03:51:35.662
496	4	88	\N	\N	2026-03-21 03:51:37.509
497	4	21	\N	\N	2026-03-21 05:06:46.053
498	4	20	\N	\N	2026-03-21 05:06:46.811
499	4	19	\N	\N	2026-03-21 05:06:47.732
500	3	1	1	\N	2026-03-21 05:30:15.145
501	3	5	77	\N	2026-03-21 05:30:16.592
502	3	6	78	\N	2026-03-21 05:30:17.324
503	3	4	2	\N	2026-03-21 05:30:18.784
504	3	96	3	\N	2026-03-21 05:32:09.096
505	3	94	4	\N	2026-03-21 05:32:17.599
506	3	93	5	\N	2026-03-21 05:32:28.79
507	3	97	79	\N	2026-03-21 05:32:31.545
508	3	95	80	\N	2026-03-21 05:32:32.925
509	3	98	6	\N	2026-03-21 05:32:34.096
512	3	125	7	\N	2026-03-21 05:33:00.313
513	3	122	8	\N	2026-03-21 05:33:05.274
514	3	126	86	\N	2026-03-21 05:33:21.079
515	3	124	85	\N	2026-03-21 05:33:23.463
516	3	22	9	\N	2026-03-21 05:33:41.67
517	3	20	10	\N	2026-03-21 05:33:47.959
518	3	114	11	\N	2026-03-21 05:34:11.17
519	3	112	12	\N	2026-03-21 05:34:18.127
520	3	33	87	\N	2026-03-21 05:34:19.327
521	3	31	88	\N	2026-03-21 05:34:20.944
522	3	111	13	\N	2026-03-21 05:34:30.831
523	3	110	14	\N	2026-03-21 05:34:37.801
524	3	9	89	\N	2026-03-21 05:34:44.032
525	3	10	90	\N	2026-03-21 05:34:44.967
526	3	118	15	\N	2026-03-21 05:34:52.801
527	3	119	16	\N	2026-03-21 05:35:00.042
528	3	11	91	\N	2026-03-21 05:35:10.487
529	3	12	92	\N	2026-03-21 05:35:12.088
530	3	113	17	\N	2026-03-21 05:35:16.626
531	3	115	18	\N	2026-03-21 05:35:21.767
532	3	121	19	\N	2026-03-21 05:35:34.225
533	3	120	20	\N	2026-03-21 05:35:39.169
534	3	35	94	\N	2026-03-21 05:35:39.439
535	3	34	93	\N	2026-03-21 05:35:41.728
536	3	23	96	\N	2026-03-21 05:36:00.551
537	3	24	21	\N	2026-03-21 05:36:01.422
538	3	21	95	\N	2026-03-21 05:36:02.186
539	3	19	22	\N	2026-03-21 05:36:05.847
540	3	117	98	\N	2026-03-21 05:36:17.929
541	3	116	97	\N	2026-03-21 05:36:19.207
542	3	123	23	\N	2026-03-21 05:36:20.782
543	3	127	24	\N	2026-03-21 05:36:23.831
544	3	57	25	\N	2026-03-21 05:36:40.969
545	3	60	26	\N	2026-03-21 05:36:48.625
547	3	61	27	\N	2026-03-21 05:37:02.895
549	3	59	28	\N	2026-03-21 05:37:08.889
550	3	40	29	\N	2026-03-21 05:37:22.777
551	3	38	102	\N	2026-03-21 05:37:26.943
552	3	42	30	\N	2026-03-21 05:37:27.568
553	3	41	101	\N	2026-03-21 05:37:28.67
554	3	39	103	\N	2026-03-21 05:37:46.896
555	3	37	104	\N	2026-03-21 05:37:48.31
556	3	51	31	\N	2026-03-21 05:38:00.639
557	3	52	32	\N	2026-03-21 05:38:06.426
558	3	50	33	\N	2026-03-21 05:38:21.016
559	3	49	106	\N	2026-03-21 05:38:21.767
560	3	53	105	\N	2026-03-21 05:38:23.412
561	3	54	34	\N	2026-03-21 05:38:24.882
562	3	106	107	\N	2026-03-21 05:38:49.734
563	3	105	108	\N	2026-03-21 05:38:51.063
564	3	108	35	\N	2026-03-21 05:38:54.034
565	3	107	36	\N	2026-03-21 05:38:57.857
566	3	70	110	\N	2026-03-21 05:39:07.462
567	3	73	109	\N	2026-03-21 05:39:09.566
568	3	109	37	\N	2026-03-21 05:39:15.274
569	3	129	38	\N	2026-03-21 05:39:27.647
570	3	56	39	\N	2026-03-21 05:40:47.651
571	3	130	112	\N	2026-03-21 05:40:54.889
572	3	55	111	\N	2026-03-21 05:40:56.543
573	3	128	40	\N	2026-03-21 05:40:59.311
574	3	32	41	\N	2026-03-21 05:41:10.448
575	3	36	42	\N	2026-03-21 05:41:14.304
576	3	63	114	\N	2026-03-21 05:41:21.519
577	3	67	113	\N	2026-03-21 05:41:23.965
578	3	68	43	\N	2026-03-21 05:41:26.466
579	3	64	44	\N	2026-03-21 05:41:32.105
580	3	47	45	\N	2026-03-21 05:41:52.6
581	3	44	46	\N	2026-03-21 05:41:57.232
582	3	66	115	\N	2026-03-21 05:42:01.097
583	3	65	116	\N	2026-03-21 05:42:03.134
584	3	48	47	\N	2026-03-21 05:42:16.97
585	3	46	48	\N	2026-03-21 05:42:23.25
586	3	71	117	\N	2026-03-21 05:42:23.703
587	3	72	118	\N	2026-03-21 05:42:25.422
588	3	45	49	\N	2026-03-21 05:42:36.106
589	3	43	50	\N	2026-03-21 05:42:44.329
591	3	13	120	\N	2026-03-21 05:43:03.752
593	3	17	119	\N	2026-03-21 05:43:05.326
594	3	14	53	\N	2026-03-21 05:43:16.403
595	3	8	121	\N	2026-03-21 05:43:17.439
596	3	7	122	\N	2026-03-21 05:43:18.662
597	3	18	54	\N	2026-03-21 05:43:21.93
598	3	103	55	\N	2026-03-21 05:43:41.01
599	3	104	124	\N	2026-03-21 05:43:42.272
600	3	99	123	\N	2026-03-21 05:43:43.965
601	3	101	56	\N	2026-03-21 05:43:45.859
602	3	80	57	\N	2026-03-21 05:43:58.676
603	3	78	126	\N	2026-03-21 05:44:01.421
604	3	77	125	\N	2026-03-21 05:44:03.766
605	3	79	58	\N	2026-03-21 05:44:04.034
606	3	76	127	\N	2026-03-21 05:44:16.175
607	3	75	128	\N	2026-03-21 05:44:17.67
608	3	30	59	\N	2026-03-21 05:44:21.041
609	3	26	60	\N	2026-03-21 05:44:26.691
610	3	28	129	\N	2026-03-21 05:44:40.102
612	3	27	130	\N	2026-03-21 05:44:43.006
613	3	83	61	\N	2026-03-21 05:47:01.482
614	3	86	62	\N	2026-03-21 05:47:07.306
615	3	84	63	\N	2026-03-21 05:47:19.619
616	3	82	64	\N	2026-03-21 05:47:26.354
617	3	25	65	\N	2026-03-21 05:47:39.199
618	3	29	66	\N	2026-03-21 05:47:41.562
619	3	81	67	\N	2026-03-21 05:48:06.108
620	3	85	68	\N	2026-03-21 05:48:09.688
621	3	92	69	\N	2026-03-21 05:48:32.731
622	3	91	70	\N	2026-03-21 05:48:37.97
623	3	90	71	\N	2026-03-21 05:49:11.165
624	3	87	72	\N	2026-03-21 05:49:15.411
625	3	89	73	\N	2026-03-21 05:49:37.097
626	3	88	74	\N	2026-03-21 05:49:44.747
627	3	69	75	\N	2026-03-21 05:49:56.314
628	3	74	76	\N	2026-03-21 05:49:58.619
629	3	100	131	\N	2026-03-21 05:50:18.875
630	3	102	132	\N	2026-03-21 05:50:21.29
631	5	1	\N	\N	2026-03-21 06:40:03.22
632	5	5	\N	\N	2026-03-21 06:40:03.22
633	5	6	\N	\N	2026-03-21 06:40:03.22
634	5	4	\N	\N	2026-03-21 06:40:03.22
635	5	96	\N	\N	2026-03-21 06:40:03.22
636	5	94	\N	\N	2026-03-21 06:40:03.22
637	5	93	\N	\N	2026-03-21 06:40:03.22
638	5	97	\N	\N	2026-03-21 06:40:03.22
639	5	95	\N	\N	2026-03-21 06:40:03.22
640	5	98	\N	\N	2026-03-21 06:40:03.22
641	5	3	\N	\N	2026-03-21 06:40:03.22
510	3	3	83	042	2026-03-21 05:32:51.572
511	3	2	84	042	2026-03-21 05:32:54.983
592	3	15	52	026	2026-03-21 05:43:05.177
546	3	58	100	050	2026-03-21 05:37:01.656
642	5	2	\N	\N	2026-03-21 06:40:03.22
643	5	125	\N	\N	2026-03-21 06:40:03.22
644	5	122	\N	\N	2026-03-21 06:40:03.22
645	5	126	\N	\N	2026-03-21 06:40:03.22
646	5	124	\N	\N	2026-03-21 06:40:03.22
648	5	20	\N	\N	2026-03-21 06:40:03.22
649	5	114	\N	\N	2026-03-21 06:40:03.22
650	5	112	\N	\N	2026-03-21 06:40:03.22
651	5	33	\N	\N	2026-03-21 06:40:03.22
652	5	31	\N	\N	2026-03-21 06:40:03.22
653	5	111	\N	\N	2026-03-21 06:40:03.22
654	5	110	\N	\N	2026-03-21 06:40:03.22
655	5	9	\N	\N	2026-03-21 06:40:03.22
656	5	10	\N	\N	2026-03-21 06:40:03.22
657	5	118	\N	\N	2026-03-21 06:40:03.22
658	5	119	\N	\N	2026-03-21 06:40:03.22
659	5	11	\N	\N	2026-03-21 06:40:03.22
660	5	12	\N	\N	2026-03-21 06:40:03.22
661	5	113	\N	\N	2026-03-21 06:40:03.22
662	5	115	\N	\N	2026-03-21 06:40:03.22
663	5	121	\N	\N	2026-03-21 06:40:03.22
664	5	120	\N	\N	2026-03-21 06:40:03.22
665	5	35	\N	\N	2026-03-21 06:40:03.22
666	5	34	\N	\N	2026-03-21 06:40:03.22
667	5	23	\N	\N	2026-03-21 06:40:03.22
668	5	24	\N	\N	2026-03-21 06:40:03.22
669	5	21	\N	\N	2026-03-21 06:40:03.22
670	5	19	\N	\N	2026-03-21 06:40:03.22
671	5	117	\N	\N	2026-03-21 06:40:03.22
672	5	116	\N	\N	2026-03-21 06:40:03.22
673	5	123	\N	\N	2026-03-21 06:40:03.22
674	5	127	\N	\N	2026-03-21 06:40:03.22
675	5	57	\N	\N	2026-03-21 06:40:03.22
676	5	60	\N	\N	2026-03-21 06:40:03.22
677	5	58	\N	\N	2026-03-21 06:40:03.22
678	5	61	\N	\N	2026-03-21 06:40:03.22
679	5	62	\N	\N	2026-03-21 06:40:03.22
680	5	59	\N	\N	2026-03-21 06:40:03.22
681	5	40	\N	\N	2026-03-21 06:40:03.22
683	5	42	\N	\N	2026-03-21 06:40:03.22
684	5	41	\N	\N	2026-03-21 06:40:03.22
685	5	39	\N	\N	2026-03-21 06:40:03.22
686	5	37	\N	\N	2026-03-21 06:40:03.22
687	5	51	\N	\N	2026-03-21 06:40:03.22
688	5	52	\N	\N	2026-03-21 06:40:03.22
689	5	50	\N	\N	2026-03-21 06:40:03.22
690	5	49	\N	\N	2026-03-21 06:40:03.22
691	5	53	\N	\N	2026-03-21 06:40:03.22
692	5	54	\N	\N	2026-03-21 06:40:03.22
697	5	70	\N	\N	2026-03-21 06:40:03.22
698	5	73	\N	\N	2026-03-21 06:40:03.22
700	5	129	\N	\N	2026-03-21 06:40:03.22
701	5	56	\N	\N	2026-03-21 06:40:03.22
702	5	130	\N	\N	2026-03-21 06:40:03.22
703	5	55	\N	\N	2026-03-21 06:40:03.22
704	5	128	\N	\N	2026-03-21 06:40:03.22
705	5	32	\N	\N	2026-03-21 06:40:03.22
706	5	36	\N	\N	2026-03-21 06:40:03.22
707	5	63	\N	\N	2026-03-21 06:40:03.22
709	5	68	\N	\N	2026-03-21 06:40:03.22
710	5	64	\N	\N	2026-03-21 06:40:03.22
711	5	47	\N	\N	2026-03-21 06:40:03.22
712	5	44	\N	\N	2026-03-21 06:40:03.22
713	5	66	\N	\N	2026-03-21 06:40:03.22
714	5	65	\N	\N	2026-03-21 06:40:03.22
715	5	48	\N	\N	2026-03-21 06:40:03.22
716	5	46	\N	\N	2026-03-21 06:40:03.22
717	5	71	\N	\N	2026-03-21 06:40:03.22
718	5	72	\N	\N	2026-03-21 06:40:03.22
719	5	45	\N	\N	2026-03-21 06:40:03.22
720	5	43	\N	\N	2026-03-21 06:40:03.22
721	5	16	\N	\N	2026-03-21 06:40:03.22
722	5	13	\N	\N	2026-03-21 06:40:03.22
723	5	15	\N	\N	2026-03-21 06:40:03.22
724	5	17	\N	\N	2026-03-21 06:40:03.22
725	5	14	\N	\N	2026-03-21 06:40:03.22
726	5	8	\N	\N	2026-03-21 06:40:03.22
727	5	7	\N	\N	2026-03-21 06:40:03.22
728	5	18	\N	\N	2026-03-21 06:40:03.22
729	5	103	\N	\N	2026-03-21 06:40:03.22
730	5	104	\N	\N	2026-03-21 06:40:03.22
731	5	99	\N	\N	2026-03-21 06:40:03.22
732	5	101	\N	\N	2026-03-21 06:40:03.22
733	5	80	\N	\N	2026-03-21 06:40:03.22
734	5	78	\N	\N	2026-03-21 06:40:03.22
735	5	77	\N	\N	2026-03-21 06:40:03.22
736	5	79	\N	\N	2026-03-21 06:40:03.22
737	5	76	\N	\N	2026-03-21 06:40:03.22
738	5	75	\N	\N	2026-03-21 06:40:03.22
739	5	30	\N	\N	2026-03-21 06:40:03.22
740	5	26	\N	\N	2026-03-21 06:40:03.22
741	5	28	\N	\N	2026-03-21 06:40:03.22
742	5	27	\N	\N	2026-03-21 06:40:03.22
743	5	83	\N	\N	2026-03-21 06:40:03.22
744	5	86	\N	\N	2026-03-21 06:40:03.22
745	5	84	\N	\N	2026-03-21 06:40:03.22
746	5	82	\N	\N	2026-03-21 06:40:03.22
747	5	25	\N	\N	2026-03-21 06:40:03.22
748	5	29	\N	\N	2026-03-21 06:40:03.22
749	5	81	\N	\N	2026-03-21 06:40:03.22
750	5	85	\N	\N	2026-03-21 06:40:03.22
751	5	92	\N	\N	2026-03-21 06:40:03.22
752	5	91	\N	\N	2026-03-21 06:40:03.22
753	5	90	\N	\N	2026-03-21 06:40:03.22
754	5	87	\N	\N	2026-03-21 06:40:03.22
755	5	89	\N	\N	2026-03-21 06:40:03.22
756	5	88	\N	\N	2026-03-21 06:40:03.22
757	5	69	\N	\N	2026-03-21 06:40:03.22
758	5	74	\N	\N	2026-03-21 06:40:03.22
759	5	100	\N	\N	2026-03-21 06:40:03.22
760	5	102	\N	\N	2026-03-21 06:40:03.22
708	5	67	purshotam	\N	2026-03-21 06:40:03.22
647	5	22	mohit	\N	2026-03-21 06:40:03.22
682	5	38		\N	2026-03-21 06:40:03.22
590	3	16	51	026	2026-03-21 05:42:59.817
548	3	62	99	050	2026-03-21 05:37:03.351
761	6	62	\N	nitk	2026-03-21 08:57:32.438
762	6	61	\N	nitk	2026-03-21 08:57:33.318
763	6	60	\N	nitk	2026-03-21 08:57:34.04
764	6	59	\N	nitk	2026-03-21 08:57:34.505
765	6	58	\N	nitk	2026-03-21 08:57:35.441
766	6	57	\N	nitk	2026-03-21 08:57:35.984
767	6	116	\N	vjti	2026-03-21 08:57:58.322
768	6	118	\N	vjti	2026-03-21 08:57:59.159
769	6	120	\N	vjti	2026-03-21 08:58:00.066
770	6	121	\N	vjti	2026-03-21 08:58:00.59
771	6	119	\N	vjti	2026-03-21 08:58:01.568
772	6	117	\N	vjti	2026-03-21 08:58:02.115
773	6	24	\N	hbtu	2026-03-21 08:58:43.698
774	6	23	\N	hbtu	2026-03-21 08:58:44.145
775	6	22	\N	hbtu	2026-03-21 08:58:44.544
776	6	21	\N	hbtu	2026-03-21 08:58:44.934
777	6	20	\N	hbtu	2026-03-21 08:58:45.895
778	6	19	\N	hbtu	2026-03-21 08:58:46.26
779	6	104	\N	spit	2026-03-21 09:00:45.427
780	6	103	\N	spit	2026-03-21 09:00:45.879
781	6	102	\N	spit	2026-03-21 09:00:46.4
782	6	101	\N	spit	2026-03-21 09:00:47.081
783	6	100	\N	spit	2026-03-21 09:00:47.544
784	6	99	\N	spit	2026-03-21 09:00:48.38
785	6	127	\N	vesit	2026-03-21 09:01:33.011
786	6	126	\N	vesit	2026-03-21 09:01:33.881
787	6	125	\N	vesit	2026-03-21 09:01:34.665
788	6	124	\N	vesit	2026-03-21 09:01:35.45
789	6	123	\N	vesit	2026-03-21 09:01:36.738
790	6	122	\N	vesit	2026-03-21 09:01:37.272
791	6	74	\N	nitw	2026-03-21 09:02:11.043
792	6	73	\N	nitw	2026-03-21 09:02:11.713
793	6	72	\N	nitw	2026-03-21 09:02:12.408
794	6	71	\N	nitw	2026-03-21 09:02:13.153
795	6	70	\N	nitw	2026-03-21 09:02:14.168
796	6	69	\N	nitw	2026-03-21 09:02:14.914
797	6	30	\N	icfai	2026-03-21 09:02:53.491
803	6	130	\N	kjs	2026-03-21 09:03:24.514
805	6	128	\N	kjs	2026-03-21 09:03:26.024
807	6	55	\N	kjs	2026-03-21 09:03:27.712
821	6	47	\N	iiitv	2026-03-21 09:05:30.225
827	6	79	\N	pu	2026-03-21 09:06:21.193
831	6	75	\N	pu	2026-03-21 09:06:23.865
835	6	33	\N	iiitvic	2026-03-21 09:06:53.68
841	6	65	\N	nitr	2026-03-21 09:07:09.978
842	6	64	\N	nitr	2026-03-21 09:07:10.601
848	6	38	\N	iiitb	2026-03-21 09:07:29.985
798	6	29	\N	icfai	2026-03-21 09:02:54.033
799	6	28	\N	icfai	2026-03-21 09:02:54.764
806	6	56	\N	kjs	2026-03-21 09:03:26.945
813	6	1	\N	chr	2026-03-21 09:04:16.961
814	6	86	\N	pou	2026-03-21 09:04:44.587
816	6	84	\N	pou	2026-03-21 09:04:46.193
824	6	44	\N	iiitv	2026-03-21 09:05:32.746
840	6	66	\N	nitr	2026-03-21 09:07:09.346
800	6	27	\N	icfai	2026-03-21 09:02:55.515
801	6	26	\N	icfai	2026-03-21 09:02:56.89
802	6	25	\N	icfai	2026-03-21 09:02:57.625
804	6	129	\N	kjs	2026-03-21 09:03:25.217
808	6	6	\N	chr	2026-03-21 09:04:12.387
809	6	5	\N	chr	2026-03-21 09:04:13.305
810	6	4	\N	chr	2026-03-21 09:04:14.249
811	6	3	\N	chr	2026-03-21 09:04:14.921
812	6	2	\N	chr	2026-03-21 09:04:16.222
815	6	85	\N	pou	2026-03-21 09:04:45.402
817	6	83	\N	pou	2026-03-21 09:04:46.929
818	6	82	\N	pou	2026-03-21 09:04:47.946
819	6	81	\N	pou	2026-03-21 09:04:48.745
820	6	48	\N	iiitv	2026-03-21 09:05:29.555
822	6	46	\N	iiitv	2026-03-21 09:05:30.928
823	6	45	\N	iiitv	2026-03-21 09:05:31.706
825	6	43	\N	iiitv	2026-03-21 09:05:33.45
826	6	80	\N	pu	2026-03-21 09:06:20.506
828	6	78	\N	pu	2026-03-21 09:06:21.78
829	6	77	\N	pu	2026-03-21 09:06:22.352
830	6	76	\N	pu	2026-03-21 09:06:23.316
832	6	36	\N	iiitvic	2026-03-21 09:06:51.724
833	6	35	\N	iiitvic	2026-03-21 09:06:52.41
834	6	34	\N	iiitvic	2026-03-21 09:06:53.089
836	6	32	\N	iiitvic	2026-03-21 09:06:54.634
837	6	31	\N	iiitvic	2026-03-21 09:06:55.473
838	6	68	\N	nitr	2026-03-21 09:07:07.771
839	6	67	\N	nitr	2026-03-21 09:07:08.625
843	6	63	\N	nitr	2026-03-21 09:07:11.449
844	6	42	\N	iiitb	2026-03-21 09:07:27.019
845	6	41	\N	iiitb	2026-03-21 09:07:27.834
846	6	40	\N	iiitb	2026-03-21 09:07:28.505
847	6	39	\N	iiitb	2026-03-21 09:07:29.21
849	6	37	\N	iiitb	2026-03-21 09:07:30.882
850	6	18	\N	cusat	2026-03-21 09:07:49.275
851	6	17	\N	cusat	2026-03-21 09:07:50.042
852	6	16	\N	cusat	2026-03-21 09:07:50.73
853	6	15	\N	cusat	2026-03-21 09:07:51.402
854	6	14	\N	cusat	2026-03-21 09:07:52.65
855	6	13	\N	cusat	2026-03-21 09:07:53.411
856	6	115	\N	uoh	2026-03-21 09:11:03.895
857	6	114	\N	uoh	2026-03-21 09:11:04.817
858	6	113	\N	uoh	2026-03-21 09:11:05.523
859	6	112	\N	uoh	2026-03-21 09:11:06.194
860	6	111	\N	uoh	2026-03-21 09:11:07.642
861	6	110	\N	uoh	2026-03-21 09:11:08.619
862	6	12	\N	cucek	2026-03-21 09:12:17.236
863	6	11	\N	cucek	2026-03-21 09:12:18.051
864	6	10	\N	cucek	2026-03-21 09:12:18.694
865	6	9	\N	cucek	2026-03-21 09:12:19.379
866	6	8	\N	cucek	2026-03-21 09:12:20.443
867	6	7	\N	cucek	2026-03-21 09:12:21.357
868	6	98	\N	ru	2026-03-21 09:17:58.591
869	6	97	\N	ru	2026-03-21 09:17:59.237
870	6	96	\N	ru	2026-03-21 09:17:59.859
871	6	95	\N	ru	2026-03-21 09:18:00.628
872	6	94	\N	ru	2026-03-21 09:18:01.97
873	6	93	\N	ru	2026-03-21 09:18:02.725
874	6	54	\N	igdtu	2026-03-21 09:18:06.835
875	6	53	\N	igdtu	2026-03-21 09:18:07.594
876	6	52	\N	igdtu	2026-03-21 09:18:08.244
877	6	51	\N	igdtu	2026-03-21 09:18:08.947
878	6	50	\N	igdtu	2026-03-21 09:18:10.044
879	6	49	\N	igdtu	2026-03-21 09:18:10.794
880	6	92	\N	psg	2026-03-21 09:27:15.358
881	6	91	\N	psg	2026-03-21 09:27:16.053
882	6	90	\N	psg	2026-03-21 09:27:16.828
883	6	89	\N	psg	2026-03-21 09:27:17.517
884	6	88	\N	psg	2026-03-21 09:27:18.084
885	6	87	\N	psg	2026-03-21 09:27:18.813
886	8	62	\N	\N	2026-03-21 10:24:45.328
887	8	61	\N	\N	2026-03-21 10:24:45.328
888	8	60	\N	\N	2026-03-21 10:24:45.328
889	8	59	\N	\N	2026-03-21 10:24:45.328
890	8	58	\N	\N	2026-03-21 10:24:45.328
891	8	57	\N	\N	2026-03-21 10:24:45.328
892	8	116	\N	\N	2026-03-21 10:24:45.328
893	8	118	\N	\N	2026-03-21 10:24:45.328
894	8	120	\N	\N	2026-03-21 10:24:45.328
895	8	121	\N	\N	2026-03-21 10:24:45.328
896	8	119	\N	\N	2026-03-21 10:24:45.328
897	8	117	\N	\N	2026-03-21 10:24:45.328
898	8	24	\N	\N	2026-03-21 10:24:45.328
899	8	23	\N	\N	2026-03-21 10:24:45.328
900	8	22	\N	\N	2026-03-21 10:24:45.328
901	8	21	\N	\N	2026-03-21 10:24:45.328
902	8	20	\N	\N	2026-03-21 10:24:45.328
903	8	19	\N	\N	2026-03-21 10:24:45.328
904	8	104	\N	\N	2026-03-21 10:24:45.328
905	8	103	\N	\N	2026-03-21 10:24:45.328
906	8	102	\N	\N	2026-03-21 10:24:45.328
907	8	101	\N	\N	2026-03-21 10:24:45.328
908	8	100	\N	\N	2026-03-21 10:24:45.328
909	8	99	\N	\N	2026-03-21 10:24:45.328
910	8	127	\N	\N	2026-03-21 10:24:45.328
911	8	126	\N	\N	2026-03-21 10:24:45.328
912	8	125	\N	\N	2026-03-21 10:24:45.328
913	8	124	\N	\N	2026-03-21 10:24:45.328
914	8	123	\N	\N	2026-03-21 10:24:45.328
915	8	122	\N	\N	2026-03-21 10:24:45.328
916	8	74	\N	\N	2026-03-21 10:24:45.328
917	8	73	\N	\N	2026-03-21 10:24:45.328
918	8	72	\N	\N	2026-03-21 10:24:45.328
919	8	71	\N	\N	2026-03-21 10:24:45.328
920	8	70	\N	\N	2026-03-21 10:24:45.328
921	8	69	\N	\N	2026-03-21 10:24:45.328
922	8	30	\N	\N	2026-03-21 10:24:45.328
923	8	130	\N	\N	2026-03-21 10:24:45.328
924	8	128	\N	\N	2026-03-21 10:24:45.328
925	8	55	\N	\N	2026-03-21 10:24:45.328
926	8	47	\N	\N	2026-03-21 10:24:45.328
927	8	79	\N	\N	2026-03-21 10:24:45.328
928	8	75	\N	\N	2026-03-21 10:24:45.328
929	8	33	\N	\N	2026-03-21 10:24:45.328
930	8	65	\N	\N	2026-03-21 10:24:45.328
931	8	64	\N	\N	2026-03-21 10:24:45.328
932	8	38	\N	\N	2026-03-21 10:24:45.328
933	8	29	\N	\N	2026-03-21 10:24:45.328
934	8	28	\N	\N	2026-03-21 10:24:45.328
935	8	56	\N	\N	2026-03-21 10:24:45.328
936	8	1	\N	\N	2026-03-21 10:24:45.328
937	8	86	\N	\N	2026-03-21 10:24:45.328
938	8	84	\N	\N	2026-03-21 10:24:45.328
939	8	44	\N	\N	2026-03-21 10:24:45.328
940	8	66	\N	\N	2026-03-21 10:24:45.328
941	8	27	\N	\N	2026-03-21 10:24:45.328
942	8	26	\N	\N	2026-03-21 10:24:45.328
943	8	25	\N	\N	2026-03-21 10:24:45.328
944	8	129	\N	\N	2026-03-21 10:24:45.328
945	8	6	\N	\N	2026-03-21 10:24:45.328
946	8	5	\N	\N	2026-03-21 10:24:45.328
947	8	4	\N	\N	2026-03-21 10:24:45.328
948	8	3	\N	\N	2026-03-21 10:24:45.328
949	8	2	\N	\N	2026-03-21 10:24:45.328
950	8	85	\N	\N	2026-03-21 10:24:45.328
951	8	83	\N	\N	2026-03-21 10:24:45.328
952	8	82	\N	\N	2026-03-21 10:24:45.328
953	8	81	\N	\N	2026-03-21 10:24:45.328
954	8	48	\N	\N	2026-03-21 10:24:45.328
955	8	46	\N	\N	2026-03-21 10:24:45.328
956	8	45	\N	\N	2026-03-21 10:24:45.328
957	8	43	\N	\N	2026-03-21 10:24:45.328
958	8	80	\N	\N	2026-03-21 10:24:45.328
959	8	78	\N	\N	2026-03-21 10:24:45.328
960	8	77	\N	\N	2026-03-21 10:24:45.328
961	8	76	\N	\N	2026-03-21 10:24:45.328
962	8	36	\N	\N	2026-03-21 10:24:45.328
963	8	35	\N	\N	2026-03-21 10:24:45.328
964	8	34	\N	\N	2026-03-21 10:24:45.328
965	8	32	\N	\N	2026-03-21 10:24:45.328
966	8	31	\N	\N	2026-03-21 10:24:45.328
967	8	68	\N	\N	2026-03-21 10:24:45.328
968	8	67	\N	\N	2026-03-21 10:24:45.328
969	8	63	\N	\N	2026-03-21 10:24:45.328
970	8	42	\N	\N	2026-03-21 10:24:45.328
971	8	41	\N	\N	2026-03-21 10:24:45.328
972	8	40	\N	\N	2026-03-21 10:24:45.328
973	8	39	\N	\N	2026-03-21 10:24:45.328
974	8	37	\N	\N	2026-03-21 10:24:45.328
975	8	18	\N	\N	2026-03-21 10:24:45.328
976	8	17	\N	\N	2026-03-21 10:24:45.328
977	8	16	\N	\N	2026-03-21 10:24:45.328
978	8	15	\N	\N	2026-03-21 10:24:45.328
979	8	14	\N	\N	2026-03-21 10:24:45.328
980	8	13	\N	\N	2026-03-21 10:24:45.328
981	8	115	\N	\N	2026-03-21 10:24:45.328
982	8	114	\N	\N	2026-03-21 10:24:45.328
983	8	113	\N	\N	2026-03-21 10:24:45.328
984	8	112	\N	\N	2026-03-21 10:24:45.328
985	8	111	\N	\N	2026-03-21 10:24:45.328
986	8	110	\N	\N	2026-03-21 10:24:45.328
987	8	12	\N	\N	2026-03-21 10:24:45.328
988	8	11	\N	\N	2026-03-21 10:24:45.328
989	8	10	\N	\N	2026-03-21 10:24:45.328
990	8	9	\N	\N	2026-03-21 10:24:45.328
991	8	8	\N	\N	2026-03-21 10:24:45.328
992	8	7	\N	\N	2026-03-21 10:24:45.328
998	8	93	\N	\N	2026-03-21 10:24:45.328
999	8	54	\N	\N	2026-03-21 10:24:45.328
1000	8	53	\N	\N	2026-03-21 10:24:45.328
1001	8	52	\N	\N	2026-03-21 10:24:45.328
1002	8	51	\N	\N	2026-03-21 10:24:45.328
1003	8	50	\N	\N	2026-03-21 10:24:45.328
1004	8	49	\N	\N	2026-03-21 10:24:45.328
1005	8	92	\N	\N	2026-03-21 10:24:45.328
1006	8	91	\N	\N	2026-03-21 10:24:45.328
1007	8	90	\N	\N	2026-03-21 10:24:45.328
1008	8	89	\N	\N	2026-03-21 10:24:45.328
1009	8	88	\N	\N	2026-03-21 10:24:45.328
1010	8	87	\N	\N	2026-03-21 10:24:45.328
1011	11	102	\N	\N	2026-03-21 12:03:40.117
1012	11	103	\N	\N	2026-03-21 12:03:44.298
1013	11	1	\N	\N	2026-03-21 12:03:54.883
1014	11	3	\N	\N	2026-03-21 12:39:57.179
1015	11	2	\N	\N	2026-03-21 12:40:10.554
1016	11	4	\N	\N	2026-03-21 12:40:29.953
1017	11	6	\N	\N	2026-03-21 12:40:43.89
1018	11	5	\N	\N	2026-03-21 12:40:57.835
1019	11	117	\N	\N	2026-03-21 12:41:30.93
1020	11	121	\N	\N	2026-03-21 12:41:34.41
1021	11	118	\N	\N	2026-03-21 12:42:02.763
1022	11	119	\N	\N	2026-03-21 12:42:11.226
1023	11	120	\N	\N	2026-03-21 12:42:28.039
1024	11	116	\N	\N	2026-03-21 12:42:37.386
1025	11	49	\N	\N	2026-03-21 12:43:14.139
1026	11	69	\N	\N	2026-03-21 12:43:26.355
1027	11	57	\N	\N	2026-03-21 12:43:36.034
1028	11	58	\N	\N	2026-03-21 12:43:48.85
1029	11	53	\N	\N	2026-03-21 12:44:21.858
1030	11	77	\N	\N	2026-03-21 12:44:38.771
1031	11	44	\N	\N	2026-03-21 12:44:50.611
1032	11	68	\N	\N	2026-03-21 12:44:59.05
1033	11	113	\N	\N	2026-03-21 12:45:10.489
1034	11	45	\N	\N	2026-03-21 12:45:31.97
1035	11	124	\N	\N	2026-03-21 12:45:41.146
1036	11	71	\N	\N	2026-03-21 12:45:50.003
1037	11	67	\N	\N	2026-03-21 12:45:57.218
1038	11	70	\N	\N	2026-03-21 12:46:06.195
1039	11	41	\N	\N	2026-03-21 12:46:19.33
1040	11	130	\N	\N	2026-03-21 12:46:26.37
1041	11	60	\N	\N	2026-03-21 12:46:34.105
1042	11	89	\N	\N	2026-03-21 12:46:44.291
1043	11	24	\N	\N	2026-03-21 12:46:52.524
1044	11	37	\N	\N	2026-03-21 12:47:03.226
1045	11	17	\N	\N	2026-03-21 12:47:12.411
1046	11	85	\N	\N	2026-03-21 12:47:23.506
1047	11	43	\N	\N	2026-03-21 12:47:36.202
1048	11	93	\N	\N	2026-03-21 12:47:47.362
1049	11	10	\N	\N	2026-03-21 12:47:55.978
1050	11	114	\N	\N	2026-03-21 12:48:02.666
1051	11	54	\N	\N	2026-03-21 12:48:11.362
1052	11	79	\N	\N	2026-03-21 12:48:30.9
1053	11	112	\N	\N	2026-03-21 12:48:37.914
1054	11	47	\N	\N	2026-03-21 12:48:47.209
1055	11	64	\N	\N	2026-03-21 12:48:54.002
1056	11	72	\N	\N	2026-03-21 12:49:01.813
1057	11	7	\N	\N	2026-03-21 12:49:12.498
1058	11	78	\N	\N	2026-03-21 12:49:25.914
1059	11	63	\N	\N	2026-03-21 12:49:35.521
1060	11	76	\N	\N	2026-03-21 12:49:44.21
1061	11	51	\N	\N	2026-03-21 12:49:52.762
1062	11	65	\N	\N	2026-03-21 12:50:00.167
1063	11	123	\N	\N	2026-03-21 12:50:09.651
1064	11	33	\N	\N	2026-03-21 12:50:21.388
1065	11	19	\N	\N	2026-03-21 12:50:28.45
1066	11	11	\N	\N	2026-03-21 12:50:39.155
1067	11	50	\N	\N	2026-03-21 12:50:48.586
1068	11	73	\N	\N	2026-03-21 12:50:55.201
1069	11	87	\N	\N	2026-03-21 12:51:06.162
1070	11	84	\N	\N	2026-03-21 12:51:34.954
1071	11	20	\N	\N	2026-03-21 12:51:45.937
1072	11	92	\N	\N	2026-03-21 12:51:54.826
1073	11	22	\N	\N	2026-03-21 12:52:00.794
1074	11	34	\N	\N	2026-03-21 12:52:10.994
1075	11	127	\N	\N	2026-03-21 12:52:25.001
1076	11	122	\N	\N	2026-03-21 12:52:33.762
1077	11	126	\N	\N	2026-03-21 12:52:35.771
1078	11	88	\N	\N	2026-03-21 12:52:56.018
1079	11	91	\N	\N	2026-03-21 12:53:05.122
1080	11	26	\N	\N	2026-03-21 12:53:15.93
1081	11	40	\N	\N	2026-03-21 12:53:23.61
1082	11	39	\N	\N	2026-03-21 12:53:39.331
1083	11	62	\N	\N	2026-03-21 12:53:52.769
1084	11	27	\N	\N	2026-03-21 12:54:02.474
1085	11	23	\N	\N	2026-03-21 12:54:07.793
1086	11	129	\N	\N	2026-03-21 12:54:18.842
1087	11	110	\N	\N	2026-03-21 12:54:26.05
1088	11	80	\N	\N	2026-03-21 12:54:37.425
1089	11	74	\N	\N	2026-03-21 12:54:41.866
1090	11	16	\N	\N	2026-03-21 12:54:49.883
1091	11	55	\N	\N	2026-03-21 12:54:56.914
1092	11	36	\N	\N	2026-03-21 12:55:05.746
1093	11	38	\N	\N	2026-03-21 12:55:14.458
1094	11	82	\N	\N	2026-03-21 12:55:22.106
1095	11	28	\N	\N	2026-03-21 12:55:30.891
1096	11	52	\N	\N	2026-03-21 12:55:45.85
1097	11	128	\N	\N	2026-03-21 12:55:54.621
1098	11	32	\N	\N	2026-03-21 12:56:10.505
1099	11	35	\N	\N	2026-03-21 12:56:21.449
1100	11	66	\N	\N	2026-03-21 12:56:26.978
1101	11	29	\N	\N	2026-03-21 12:56:35.911
1102	11	115	\N	\N	2026-03-21 12:56:40.402
1103	11	61	\N	\N	2026-03-21 12:56:48.09
1104	11	15	\N	\N	2026-03-21 12:56:58.634
1105	11	18	\N	\N	2026-03-21 12:57:07.257
1106	11	56	\N	\N	2026-03-21 12:57:13.89
1107	11	30	\N	\N	2026-03-21 12:57:20.211
1108	11	21	\N	\N	2026-03-21 12:57:25.698
1109	11	81	\N	\N	2026-03-21 12:57:31.145
1110	11	86	\N	\N	2026-03-21 12:57:35.457
1111	11	9	\N	\N	2026-03-21 12:57:44.545
1112	11	48	\N	\N	2026-03-21 12:57:53.233
1113	11	46	\N	\N	2026-03-21 12:57:58.105
1114	11	25	\N	\N	2026-03-21 12:58:04.172
1115	11	104	\N	\N	2026-03-21 12:58:19.817
1116	11	42	\N	\N	2026-03-21 12:58:30.386
1117	11	12	\N	\N	2026-03-21 12:58:38.165
1118	11	125	\N	\N	2026-03-21 12:58:43.731
1119	11	111	\N	\N	2026-03-21 12:58:48.923
1120	11	90	\N	\N	2026-03-21 12:58:57.418
1121	11	59	\N	\N	2026-03-21 12:59:05.418
1122	11	31	\N	\N	2026-03-21 12:59:11.241
1123	11	83	\N	\N	2026-03-21 12:59:16.953
1124	11	14	\N	\N	2026-03-21 12:59:28.082
1125	11	75	\N	\N	2026-03-21 12:59:37.554
1126	10	53	\N	\N	2026-03-21 13:45:10.725
1127	10	76	\N	\N	2026-03-21 13:45:41.525
1128	10	62	\N	\N	2026-03-21 13:50:15.656
1129	10	4	\N	\N	2026-03-21 14:04:46.08
1130	10	86	\N	\N	2026-03-21 14:06:47.085
1131	10	5	\N	\N	2026-03-21 14:09:08.761
1132	10	74	\N	\N	2026-03-21 14:10:33.326
1133	10	2	\N	\N	2026-03-21 14:12:09.745
1134	10	43	\N	\N	2026-03-21 14:12:30.215
1135	10	48	\N	\N	2026-03-21 14:14:28.4
1136	9	72	\N	1	2026-03-21 14:44:10.874
1137	9	125	\N	1	2026-03-21 14:44:15.692
1138	9	58	\N	2	2026-03-21 14:44:22.454
1139	9	14	\N	2	2026-03-21 14:44:30.268
1140	9	117	\N	3	2026-03-21 14:44:41.58
1141	9	26	\N	3	2026-03-21 14:44:47.636
1142	9	84	\N	4	2026-03-21 14:44:57.029
1143	9	91	\N	4	2026-03-21 14:45:03.355
1144	9	1	\N	5	2026-03-21 14:45:12.021
1145	9	45	\N	5	2026-03-21 14:45:17.86
1146	9	112	\N	6	2026-03-21 14:45:37.909
1147	9	73	\N	6	2026-03-21 14:45:45.285
1148	9	49	\N	7	2026-03-21 14:45:53.35
1149	9	69	\N	7	2026-03-21 14:45:59.509
1150	9	103	\N	8	2026-03-21 14:46:09.542
1151	9	74	\N	8	2026-03-21 14:46:27.813
1152	9	113	\N	9	2026-03-21 14:46:38.039
1153	9	62	\N	9	2026-03-21 14:46:43.428
1154	9	79	\N	10	2026-03-21 14:46:49.206
1155	9	38	\N	10	2026-03-21 14:46:58.148
1156	10	130	\N	\N	2026-03-21 15:05:03.531
1157	10	69	\N	\N	2026-03-21 15:05:17.823
1158	10	80	\N	\N	2026-03-21 15:07:10.838
1159	10	114	\N	\N	2026-03-21 15:07:26.808
1160	10	52	\N	\N	2026-03-21 15:07:36.405
1161	10	113	\N	\N	2026-03-21 15:08:27.781
1162	10	32	\N	\N	2026-03-21 15:08:53.397
1163	10	112	\N	\N	2026-03-21 15:09:08.741
1164	10	103	\N	\N	2026-03-21 15:09:18.678
1165	10	16	\N	\N	2026-03-21 15:09:30.437
1166	10	38	\N	\N	2026-03-21 15:09:39.077
1167	10	116	\N	\N	2026-03-21 15:09:49.734
1168	10	120	\N	\N	2026-03-21 15:09:57.15
1169	10	102	\N	\N	2026-03-21 15:10:18.55
1170	10	82	\N	\N	2026-03-21 15:10:27.844
1171	10	18	\N	\N	2026-03-21 15:10:34.468
1172	10	6	\N	\N	2026-03-21 15:10:44.35
1173	10	101	\N	\N	2026-03-21 15:10:54.398
1174	10	99	\N	\N	2026-03-21 15:11:02.481
1175	10	41	\N	\N	2026-03-21 15:11:22.717
1176	10	49	\N	\N	2026-03-21 15:11:33.213
1177	10	68	\N	\N	2026-03-21 15:11:53.981
1178	10	45	\N	\N	2026-03-21 15:12:10.325
1179	10	59	\N	\N	2026-03-21 15:12:45.317
1180	10	57	\N	\N	2026-03-21 15:12:56.293
1181	10	3	\N	\N	2026-03-21 15:13:03.992
1182	10	123	\N	\N	2026-03-21 15:13:14.309
1183	10	124	\N	\N	2026-03-21 15:13:29.22
1184	10	64	\N	\N	2026-03-21 15:13:49.909
1185	10	40	\N	\N	2026-03-21 15:14:46.496
1186	10	117	\N	\N	2026-03-21 15:14:55.677
1187	10	27	\N	\N	2026-03-21 15:15:02.74
1188	10	92	\N	\N	2026-03-21 15:15:08.883
1189	10	47	\N	\N	2026-03-21 15:15:19.732
1190	10	20	\N	\N	2026-03-21 15:15:34.652
1191	10	84	\N	\N	2026-03-21 15:15:50.111
1192	10	118	\N	\N	2026-03-21 15:15:59.245
1193	10	119	\N	\N	2026-03-21 15:16:09.685
1194	10	70	\N	\N	2026-03-21 15:16:20.099
1195	10	71	\N	\N	2026-03-21 15:16:43.542
1196	10	85	\N	\N	2026-03-21 15:16:55.477
1197	10	61	\N	\N	2026-03-21 15:17:02.341
1198	10	79	\N	\N	2026-03-21 15:17:08.222
1199	10	78	\N	\N	2026-03-21 15:17:21.083
1200	10	36	\N	\N	2026-03-21 15:17:30.031
1201	10	89	\N	\N	2026-03-21 15:18:23.932
1202	10	14	\N	\N	2026-03-21 15:18:31.924
1203	10	60	\N	\N	2026-03-21 15:18:38.028
1204	10	88	\N	\N	2026-03-21 15:18:43.802
1205	14	62	\N	\N	2026-03-22 16:30:41.251
1206	14	58	\N	\N	2026-03-22 16:30:47.617
1207	14	45	\N	\N	2026-03-22 16:30:56.436
248	13	69	\N	nitw	2026-03-20 09:56:23.598
247	13	70	\N	nitw	2026-03-20 09:56:22.501
242	13	81	\N	pou	2026-03-20 09:56:10.869
231	13	122	\N	vesit	2026-03-20 09:55:36.707
226	13	127	\N	vesit	2026-03-20 09:55:16.42
221	13	23	\N	hbtu	2026-03-20 09:54:54.302
1208	7	74	\N	\N	2026-03-22 16:38:52.561
1209	7	73	\N	\N	2026-03-22 16:38:53.284
1210	7	72	\N	\N	2026-03-22 16:38:53.858
1211	7	71	\N	\N	2026-03-22 16:38:55.678
1212	7	70	\N	\N	2026-03-22 16:38:57.554
1213	7	69	\N	\N	2026-03-22 16:38:58.771
1214	7	121	\N	vjti	2026-03-22 16:39:07.905
1215	7	120	\N	vjti	2026-03-22 16:39:11.782
1216	7	119	\N	vjti	2026-03-22 16:39:14.962
1217	7	118	\N	vjti	2026-03-22 16:39:18.021
1218	7	117	\N	vjti	2026-03-22 16:39:21.566
1219	7	116	\N	vjti	2026-03-22 16:39:24.842
1220	7	62	\N	\N	2026-03-22 16:39:36.197
1221	7	61	\N	\N	2026-03-22 16:39:37.717
1222	7	60	\N	\N	2026-03-22 16:39:38.932
1223	7	59	\N	\N	2026-03-22 16:39:40.103
1224	7	58	\N	\N	2026-03-22 16:39:41.263
1225	7	57	\N	\N	2026-03-22 16:39:42.545
1226	7	6	\N	\N	2026-03-22 16:39:49.938
1227	7	5	\N	\N	2026-03-22 16:39:51.128
1228	7	4	\N	\N	2026-03-22 16:39:52.252
1229	7	3	\N	\N	2026-03-22 16:39:53.253
1230	7	2	\N	\N	2026-03-22 16:39:55.032
1231	7	1	\N	\N	2026-03-22 16:39:56.204
1232	7	127	\N	\N	2026-03-22 16:40:13.669
1233	7	126	\N	\N	2026-03-22 16:40:14.885
1234	7	125	\N	\N	2026-03-22 16:40:15.721
1235	7	124	\N	\N	2026-03-22 16:40:16.546
1236	7	123	\N	\N	2026-03-22 16:40:17.392
1237	7	122	\N	\N	2026-03-22 16:40:18.387
\.


--
-- Data for Name: event_results; Type: TABLE DATA; Schema: public; Owner: version26
--

COPY public.event_results (id, "eventId", "participantId", "position", "createdAt") FROM stdin;
1	4	116	FIRST	2026-03-21 06:50:21.062
2	4	45	SECOND	2026-03-21 06:51:29.943
3	4	58	THIRD	2026-03-21 06:52:46.338
4	3	15	FIRST	2026-03-21 06:54:10.388
5	3	3	SECOND	2026-03-21 06:55:47.158
6	3	62	THIRD	2026-03-21 06:57:00.972
7	5	58	FIRST	2026-03-21 13:13:41.968
8	5	62	SECOND	2026-03-21 13:13:46.408
9	5	116	THIRD	2026-03-21 13:13:51.144
10	9	26	FIRST	2026-03-21 14:47:31.279
11	9	14	SECOND	2026-03-21 14:47:47.151
12	9	49	THIRD	2026-03-21 14:48:00.709
13	10	89	FIRST	2026-03-21 15:37:10.278
14	10	62	SECOND	2026-03-21 15:37:16.46
15	10	47	THIRD	2026-03-21 15:39:49.229
16	11	103	FIRST	2026-03-21 17:07:52.659
17	11	3	SECOND	2026-03-21 17:08:08.756
18	11	102	THIRD	2026-03-21 17:08:21.102
19	14	45	FIRST	2026-03-22 16:31:00.63
20	13	122	FIRST	2026-03-22 16:38:07.062
21	13	69	SECOND	2026-03-22 16:38:12.301
22	7	116	FIRST	2026-03-22 16:40:24.179
\.


--
-- Data for Name: events; Type: TABLE DATA; Schema: public; Owner: version26
--

COPY public.events (id, name, "teamSize", "participationPoints", "firstPrizePoints", "secondPrizePoints", "thirdPrizePoints", "createdAt") FROM stdin;
2	Meet Up Mania	1	10	0	0	0	2026-03-18 02:20:16.905
3	Emoji Charades	2	10	50	30	20	2026-03-18 02:20:16.916
4	BackTrack	1	10	50	30	20	2026-03-18 02:20:16.926
5	AlgoRhythm	1	10	50	30	20	2026-03-18 02:20:16.944
6	Treasure Hunt R1	6	10	0	0	0	2026-03-18 02:20:16.955
7	Treasure Hunt R2	6	5	30	0	0	2026-03-18 02:20:16.971
8	CoreTex R1	1	10	0	0	0	2026-03-18 02:20:16.979
9	CoreTex R2	2	10	50	30	20	2026-03-18 02:20:16.996
10	Replicode	1	10	50	30	20	2026-03-18 02:20:17.015
11	Crypt of the NecroDancer	1	10	30	15	10	2026-03-18 02:20:17.022
12	Pitch 2 Rich R1	6	5	0	0	0	2026-03-18 02:20:17.036
14	Destinite	1	20	30	20	10	2026-03-18 02:20:17.067
1	Workshop	1	10	0	0	0	2026-03-18 02:20:16.864
13	Pitch 2 Rich R2	6	5	30	18	0	2026-03-18 02:20:17.051
\.


--
-- Data for Name: participants; Type: TABLE DATA; Schema: public; Owner: version26
--

COPY public.participants (id, "participantId", name, "collegeId", email, year, "festStatus", "hackerearthUser", phone, "createdAt") FROM stdin;
32	IIITVIC-1-002	Abhishek Jadhao 	3	abhijadhao31@gmail.com	ONE	CHECKED_IN	abhijadhao31@gmail.com\r	8180097645	2026-03-18 02:17:33.31
36	IIITVIC-1-006	Ankit Kumar Sharma 	3	ankit824012@gmail.com	ONE	CHECKED_IN	ankit824012@gmail.com\r	7255866812	2026-03-18 02:17:33.351
31	IIITVIC-1-001	Mahi Verma 	3	20252651032@iiitvadodara.ac.in	ONE	CHECKED_IN	20252651032@iiitvadodara.ac.in\r	8266087162	2026-03-18 02:17:33.303
50	IGDTU-1-002	Chanchal 	9	chanchal230603@gmail.com	ONE	CHECKED_IN	chanchal230603@gmail.com\r	8076753156	2026-03-18 02:17:33.488
49	IGDTU-1-001	Jiya Jay Singh	9	jiyajays52.03@gmail.com	ONE	CHECKED_IN	jiyajays52.03@gmail.com\r	9977153999	2026-03-18 02:17:33.471
51	IGDTU-1-003	Naina	9	naina9711366@gmail.com	ONE	CHECKED_IN	naina9711366@gmail.com\r	9354907966	2026-03-18 02:17:33.502
52	IGDTU-1-004	Archana	9	archana.kri2610@gmail.com	ONE	CHECKED_IN	archana.kri2610@gmail.com\r	9334558227	2026-03-18 02:17:33.515
53	IGDTU-1-005	Mehak	9	chandramehak2025@gmail.com	ONE	CHECKED_IN	chandramehak2025@gmail.com\r	8287594632	2026-03-18 02:17:33.522
54	IGDTU-1-006	Jyoti Kumari	9	jyotik.2k2@gmail.com	ONE	CHECKED_IN	jyotik.2k2@gmail.com\r	9625434043	2026-03-18 02:17:33.529
14	CUSAT-1-002	Anu priya kumari 	2	anupriya87090@gmail.com	ONE	CHECKED_IN	anupriya87090@gmail.com\r	8709016256	2026-03-18 02:17:33.136
18	CUSAT-1-006	Anjali Kumari	2	anjalisah844@gmail.com	ONE	CHECKED_IN	anjalisah844@gmail.com\r	9798596424	2026-03-18 02:17:33.195
17	CUSAT-1-005	Alan John Thomas 	2	aajjrt1705@gmail.com	ONE	CHECKED_IN	aajjrt1705@gmail.com\r	8590762316	2026-03-18 02:17:33.187
13	CUSAT-1-001	Vineeth J	2	vineethjrbusiness@gmail.com	ONE	CHECKED_IN	vineethjrbusiness@gmail.com\r	9847554089	2026-03-18 02:17:33.113
16	CUSAT-1-004	Thomas Raju	2	thomasraju@pg.cusat.ac.in	ONE	CHECKED_IN	thomasraju@pg.cusat.ac.in	6282793696	2026-03-18 02:17:33.179
22	HBTU-1-004	Anushka Verma	10	anushka.123jet@gmail.com	ONE	CHECKED_IN	anushka.123jet@gmail.com\r	6397747095	2026-03-18 02:17:33.23
23	HBTU-1-005	Gurleen Kaur 	10	gurleenkaur01118@gmail.com	ONE	CHECKED_IN	gurleenkaur01118@gmail.com\r	6239143351	2026-03-18 02:17:33.24
24	HBTU-1-006	KHUSHI GUPTA	10	khushugupta2001@gmail.com	ONE	CHECKED_IN	khushugupta2001@gmail.com\r	7061712914	2026-03-18 02:17:33.249
21	HBTU-1-003	Abhijeet Pathak 	10	abhijeetpathak1304@gmail.com	ONE	CHECKED_IN	abhijeetpathak1304@gmail.com\r	8795471970	2026-03-18 02:17:33.221
19	HBTU-1-001	Abhay Srivastava 	10	abhaysrivastava812@gmail.com	ONE	CHECKED_IN	abhaysrivastava812@gmail.com\r	6306461923	2026-03-18 02:17:33.204
46	IIITV-1-004	Alok Mishra 	15	mishralok794@gmail.com	ONE	CHECKED_IN	mishralok794@gmail.com\r	9565459009	2026-03-18 02:17:33.444
45	IIITV-1-003	Anurag panda	15	20251651026@iiitvadodara.ac.in	ONE	CHECKED_IN	20251651026@iiitvadodara.ac.in\r	7846995135	2026-03-18 02:17:33.435
47	IIITV-1-005	Mukesh Radheshyam Mourya 	15	mouryamukesh8692@gmail.com	ONE	CHECKED_IN	mouryamukesh8692@gmail.com\r	8692972270	2026-03-18 02:17:33.453
43	IIITV-1-001	TAJ ANSARI	15	20251651095@iiitvadodara.ac.in	ONE	CHECKED_IN	20251651095@iiitvadodara.ac.in\r	6205325596	2026-03-18 02:17:33.416
48	IIITV-1-006	sandeep parmar	15	sandeeponline625@gmail.com	ONE	CHECKED_IN	sandeeponline625@gmail.com\r	6264241143	2026-03-18 02:17:33.461
34	IIITVIC-1-004	Neetu Bharti	3	20252651037@iiitvadodara.ac.in	ONE	CHECKED_IN	20252651037@iiitvadodara.ac.in\r	6307853186	2026-03-18 02:17:33.325
44	IIITV-1-002	Dave Dev	15	davedev7867@gmail.com	ONE	CHECKED_IN	davedev7867@gmail.com\r	9537246186	2026-03-18 02:17:33.427
35	IIITVIC-1-005	Annu mishra 	3	20252651009@iiitvadodara.ac.in	ONE	CHECKED_IN	20252651009@iiitvadodara.ac.in\r	8650166803	2026-03-18 02:17:33.335
20	HBTU-1-002	Roshan kumar	10	guptaroshan8084@gmail.com	ONE	CHECKED_IN	guptaroshan8084@gmail.com\r	7479979120	2026-03-18 02:17:33.212
26	ICFAI-1-002	Inderjeet singh	16	inderjeetsinghkhalsa445@gmail.com	ONE	CHECKED_IN	inderjeetsinghkhalsa445@gmail.com\r	9530494899	2026-03-18 02:17:33.263
29	ICFAI-1-005	Mayank Naruka	16	mayankthakur0063@gmail.com	ONE	CHECKED_IN	mayankthakur0063@gmail.com\r	7627015634	2026-03-18 02:17:33.289
27	ICFAI-1-003	Shweta Gupta 	16	shwgupta.mca2025@iujaipur.edu.in	ONE	CHECKED_IN	shwgupta.mca2025@iujaipur.edu.in\r	9352715857	2026-03-18 02:17:33.271
28	ICFAI-1-004	Mitika Gupta 	16	mitikagupta963@gmail.com	ONE	CHECKED_IN	mitikagupta963@gmail.com\r	8890500697	2026-03-18 02:17:33.28
30	ICFAI-1-006	Tejpal Choudhary 	16	tejpalchoudhary733@gmail.com	ONE	CHECKED_IN	tejpalchoudhary733@gmail.com\r	7737007600	2026-03-18 02:17:33.295
25	ICFAI-1-001	Mayank Rishi 	16	mayrishi786@gmail.com	ONE	CHECKED_IN	mayrishi786@gmail.com\r	7221958931	2026-03-18 02:17:33.256
2	CHR-1-002	Omkaar Chakraborty 	12	omkaar.chakraborty@mca.christuniversity.in	ONE	CHECKED_IN	omkaar.chakraborty@mca.christuniversity.in\r	8399945212	2026-03-18 02:17:33.019
6	CHR-1-006	Bhavya Dhanuka 	12	bdhanuka26@gmail.com	ONE	CHECKED_IN	bdhanuka26@gmail.com\r	9681857475	2026-03-18 02:17:33.054
4	CHR-1-004	Hari Prasad B K 	12	hariprasad.bk@mca.christuniversity.in	ONE	CHECKED_IN	hariprasad.bk@mca.christuniversity.in\r	9008015121	2026-03-18 02:17:33.037
1	CHR-1-001	Samuel P Shine	12	samuel.shine@mca.christuniversity.in	ONE	CHECKED_IN	samuel.shine@mca.christuniversity.in\r	7899412346	2026-03-18 02:17:33
3	CHR-1-003	Yanish Rai	12	yanish.rai@mca.christuniversity.in	ONE	CHECKED_IN	yanish.rai@mca.christuniversity.in\r	9002321840	2026-03-18 02:17:33.029
5	CHR-1-005	Abhinav Jain	12	abhinav.jain@mca.christuniversity.in	ONE	CHECKED_IN	abhinav.jain@mca.christuniversity.in\r	9214544078	2026-03-18 02:17:33.045
38	IIITB-1-002	Ritik Agarwal 	17	agarwalritik895@gmail.com	ONE	CHECKED_IN	agarwalritik895@gmail.com\r	9057282318	2026-03-18 02:17:33.375
41	IIITB-1-005	Dhruv Bhola	17	dharuvbhola@gmail.com	ONE	CHECKED_IN	dharuvbhola@gmail.com\r	9812553075	2026-03-18 02:17:33.401
40	IIITB-1-004	SURAJ SAHU	17	surajsahusrjs@gmail.com	ONE	CHECKED_IN	surajsahusrjs@gmail.com\r	9713393563	2026-03-18 02:17:33.393
37	IIITB-1-001	Rakhi	17	rakhi21717@gmail.com	ONE	CHECKED_IN	rakhi21717@gmail.com\r	9058213622	2026-03-18 02:17:33.365
39	IIITB-1-003	Mansi singhal	17	singhalmansi1621@gmail.com	ONE	CHECKED_IN	singhalmansi1621@gmail.com\r	9548271418	2026-03-18 02:17:33.384
42	IIITB-1-006	Amit Thakur 	17	amitiiitian630@gmail.com	ONE	CHECKED_IN	amitiiitian630@gmail.com\r	9015353925	2026-03-18 02:17:33.408
7	CUCEK-1-001	Akanksha Shree	13	inbox.akanksha2@gmail.com	ONE	CHECKED_IN	inbox.akanksha2@gmail.com	7739042954	2026-03-18 02:17:33.062
9	CUCEK-1-003	Lalit Kumar	13	lksingh84097@gmail.com	ONE	CHECKED_IN	lksingh84097@gmail.com	9122038969	2026-03-18 02:17:33.079
12	CUCEK-1-006	Aditya Kumar Gonu	13	adityakumar993442@gmail.com	ONE	CHECKED_IN	adityakumargoun1	9135193365	2026-03-18 02:17:33.105
11	CUCEK-1-005	Bablu kumar	13	bablu123patelbablu@gmail.com	ONE	CHECKED_IN	bablu123patelbablu@gmail.com	9262554777	2026-03-18 02:17:33.097
10	CUCEK-1-004	Sumer Raj	13	sumerrajput000@gmail.com	ONE	CHECKED_IN	sumerrajput000@gmail.com	8987231854	2026-03-18 02:17:33.089
79	PU-1-005	Rajat Kumar	8	rajatkumarrk47.rk@gmail.com	ONE	CHECKED_IN	rajatkumarrk47.rk@gmail.com\r	6284657340	2026-03-18 02:17:33.777
78	PU-1-004	Arnav Khantwal	8	arnav.khantwal.ofc@gmail.com	ONE	CHECKED_IN	arnav.khantwal.ofc@gmail.com\r	6239151989	2026-03-18 02:17:33.768
77	PU-1-003	Aayushi	8	aainamanchanda22@gmail.com	ONE	CHECKED_IN	aainamanchanda22@gmail.com\r	7347337737	2026-03-18 02:17:33.761
76	PU-1-002	Kashish Arora 	8	kashisharora1303@gmail.com	ONE	CHECKED_IN	kashisharora1303@gmail.com\r	8284924886	2026-03-18 02:17:33.755
80	PU-1-006	Diya Ahuja	8	diya88470@gmail.com	ONE	CHECKED_IN	diya88470@gmail.com\r	8847217118	2026-03-18 02:17:33.784
75	PU-1-001	Jasneet Kaur	8	kaurjasneet531@gmail.com	ONE	CHECKED_IN	kaurjasneet531@gmail.com\r	8725001515	2026-03-18 02:17:33.748
92	PSG-1-006	Kavin M	14	manokavin26062002@gmail.com	ONE	CHECKED_IN	manokavin26062002@gmail.com\r	8825748664	2026-03-18 02:17:33.869
88	PSG-1-002	Hari Anand B	14	25mx314@psgtech.ac.in	ONE	CHECKED_IN	25mx314@psgtech.ac.in\r	6384996961	2026-03-18 02:17:33.844
90	PSG-1-004	STEPHINA SMILY C	14	25mx125@psgtech.ac.in	ONE	CHECKED_IN	25mx125@psgtech.ac.in\r	8300526351	2026-03-18 02:17:33.856
91	PSG-1-005	Tamilini S	14	25mx352@psgtech.ac.in	ONE	CHECKED_IN	tamilinis2904@gmail.com	8220213688	2026-03-18 02:17:33.863
89	PSG-1-003	Tino Britty J 	14	brittytino08@gmail.com	ONE	CHECKED_IN	brittytino08@gmail.com\r	9786350537	2026-03-18 02:17:33.85
87	PSG-1-001	Srinithi J	14	25mx124@psgtech.ac.in	ONE	CHECKED_IN	25mx124@psgtech.ac.in\r	6369227481	2026-03-18 02:17:33.834
97	RU-1-005	Yadnesh Matale 	1	25mataleyg@rbunagpur.in	ONE	CHECKED_IN	25mataleyg@rbunagpur.in\r	7840926481	2026-03-18 02:17:33.906
93	RU-2-001	Sahil Gajbhiye 	1	sahilgajbhiye645@gmail.com	TWO	CHECKED_IN	sahilgajbhiye645@gmail.com\r	8805493243	2026-03-18 02:17:33.877
96	RU-1-004	Saurabh 	1	saurabhkhambalkar12@gmail.com	ONE	CHECKED_IN	saurabhkhambalkar12@gmail.com\r	8275599608	2026-03-18 02:17:33.899
95	RU-1-003	Omkar Dharmdas Kulkule	1	25kulkuleod@rbunagpur.in	ONE	CHECKED_IN	25kulkuleod@rbunagpur.in\r	9823838541	2026-03-18 02:17:33.891
98	RU-1-006	Manish Tajane	1	25tajanemk@rbunagpur.in	ONE	CHECKED_IN	25tajanemk@rbunagpur.in\r	8329583744	2026-03-18 02:17:33.912
94	RU-1-002	Ishank Lilhare	1	lilhareishank2004@gmail.com	ONE	CHECKED_IN	lilhareishank2004@gmail.com\r	8007879042	2026-03-18 02:17:33.884
103	SPIT-1-005	Arnav Rai Viksit	5	arnav.viksit25@spit.ac.in	ONE	CHECKED_IN	arnav.viksit25@spit.ac.in\r	9773559873	2026-03-18 02:17:33.947
101	SPIT-1-003	Gyana Karn	5	karngyana@gmail.com	ONE	CHECKED_IN	karngyana@gmail.com\r	9540079857	2026-03-18 02:17:33.933
100	SPIT-1-002	Nitesh Semwal 	5	niteshsemwal54@gmail.com	ONE	CHECKED_IN	niteshsemwal54@gmail.com\r	8421740256	2026-03-18 02:17:33.927
102	SPIT-1-004	Ravitej Mulay	5	ravitej.mulay25@spit.ac.in	ONE	CHECKED_IN	ravitej.mulay25@spit.ac.in\r	9373765719	2026-03-18 02:17:33.94
99	SPIT-1-001	Anshika Jaiswal 	5	anshika.jaiswal25@spit.ac.in	ONE	CHECKED_IN	anshika.jaiswal25@spit.ac.in\r	7558312631	2026-03-18 02:17:33.919
85	POU-1-005	Sahil singh rawat	11	ssrawat11235@gmail.com	ONE	CHECKED_IN	ssrawat11235@gmail.com\r	7011604897	2026-03-18 02:17:33.821
81	POU-1-001	Divyanshu Yadav 	11	anshuyadav03171@gmail.com	ONE	CHECKED_IN	anshuyadav03171@gmail.com\r	7753008088	2026-03-18 02:17:33.792
82	POU-1-002	Ayush Raj 	11	ayushr841417@gmail.com	ONE	CHECKED_IN	ayushr841417@gmail.com\r	6204888284	2026-03-18 02:17:33.8
86	POU-1-006	Kamal Prasad Bhurtel 	11	kamalprasad09711@gmail.com	ONE	CHECKED_IN	kamalprasad09711@gmail.com\r	7986272506	2026-03-18 02:17:33.828
74	NITW-1-006	Hithaishi U 	4	hithu2125@gmail.com	ONE	CHECKED_IN	hithu2125@gmail.com\r	9944001133	2026-03-18 02:17:33.739
73	NITW-1-005	Shruti Bubna	4	sb25mcf1r48@student.nitw.ac.in	ONE	CHECKED_IN	sb25mcf1r48@student.nitw.ac.in\r	8409091172	2026-03-18 02:17:33.733
70	NITW-1-002	Sahil Gupta	4	ss25mcf1r44@student.nitw.ac.in	ONE	CHECKED_IN	ss25mcf1r44@student.nitw.ac.in\r	8625800390	2026-03-18 02:17:33.707
69	NITW-1-001	Nitin Pratap Singh	4	np25mcf1r30@student.nitw.ac.in	ONE	CHECKED_IN	np25mcf1r30@student.nitw.ac.in\r	9368827253	2026-03-18 02:17:33.701
83	POU-1-003	Aditya Chauhan 	11	caditya2811@gmail.com	ONE	CHECKED_IN	caditya2811@gmail.com\r	9872808122	2026-03-18 02:17:33.806
71	NITW-1-003	Kunal Chakradhari 	4	kunalchakra16@gmail.com	ONE	CHECKED_IN	kunalchakra16@gmail.com\r	6268248601	2026-03-18 02:17:33.718
55	KJS-1-001	Krishna Vasant Mahajan	6	krishnavmahajan05@gmail.com	ONE	CHECKED_IN	krishnavmahajan05@gmail.com\r	9004445087	2026-03-18 02:17:33.538
66	NITR-1-004	ABHISHEK DHAKAD	7	examform816@gmail.com	ONE	CHECKED_IN	abhisingh2006d@gmail.com	7803893816	2026-03-18 02:17:33.679
64	NITR-1-002	Sandeep Vishnoi	7	sandeephbishnoi29@gmail.com	ONE	CHECKED_IN	sandeephbishnoi29@gmail.com\r	7718055229	2026-03-18 02:17:33.662
63	NITR-1-001	Dipanshu 	7	dipanshuaggarwal999@gmail.com	ONE	CHECKED_IN	dipanshuaggarwal999@gmail.com\r	6367025714	2026-03-18 02:17:33.645
67	NITR-1-005	Yash Damare	7	yashdamare1@gmail.com	ONE	CHECKED_IN	yashdamare1@gmail.com\r	8788421370	2026-03-18 02:17:33.687
62	NITK-2-006	Nagender Singh	22	nagenderrajput54@gmail.com	TWO	CHECKED_IN	nagenderrajput54@gmail.com\r	9205445872	2026-03-18 02:17:33.632
60	NITK-2-004	Priyanshu Patel 	22	priyanshu102938@gmail.com	TWO	CHECKED_IN	priyanshu102938@gmail.com\r	7352421875	2026-03-18 02:17:33.604
61	NITK-2-005	Harsh Singh.	22	harsh.244ca018@nitk.edu.in	TWO	CHECKED_IN	harsh.244ca018@nitk.edu.in\r	7307925400	2026-03-18 02:17:33.618
58	NITK-2-002	Sourabh Shukla	22	sourabhshukla3.14@gmail.com	TWO	CHECKED_IN	sourabhshukla3.14@gmail.com\r	9717499758	2026-03-18 02:17:33.577
59	NITK-2-003	Sambeet Kumar Khatua	22	khatuasambeet31@gmail.com	TWO	CHECKED_IN	khatuasambeet31@gmail.com\r	7377051689	2026-03-18 02:17:33.59
57	NITK-2-001	Sunil Kumar Dalei	22	sunildaleijitu@gmail.com	TWO	CHECKED_IN	sunildaleijitu@gmail.com\r	8117900982	2026-03-18 02:17:33.56
109	SGSITS-2-005	Bhavinya Choudhary 	18	bhavinyacollege2003@gmail.com	TWO	CHECKED_IN	bhavinyacollege2003@gmail.com\r	9669351412	2026-03-18 02:17:34
108	SGSITS-1-004	Rishita Shah	18	rishitashah6263@gmail.com	ONE	CHECKED_IN	rishitashah6263@gmail.com\r	7974928294	2026-03-18 02:17:33.994
107	SGSITS-1-003	Vaidehi patidar	18	vaidehi20patidar@gmail.com	ONE	CHECKED_IN	vaidehi20patidar@gmail.com\r	9691782153	2026-03-18 02:17:33.986
68	NITR-1-006	Janvi	7	janvichoudhary116@gmail.com	ONE	CHECKED_IN	janvichoudhary116@gmail.com\r	8459137385	2026-03-18 02:17:33.694
65	NITR-1-003	Bhagyeswari Gavrani	7	gavranibhumi@gmail.com	ONE	CHECKED_IN	gavranibhumi@gmail.com\r	6399881595	2026-03-18 02:17:33.671
56	KJS-1-002	Joanna Mohapatra 	6	joanna.m@somaiya.edu	ONE	CHECKED_IN	joanna.m@somaiya.edu\r	9650094758	2026-03-18 02:17:33.55
106	SGSITS-1-002	Mohit Gour 	18	mohitgour3020@gmail.com	ONE	CHECKED_IN	mohitgour3020@gmail.com\r	9131171019	2026-03-18 02:17:33.975
105	SGSITS-1-001	Bhavesh Rathore	18	bhaveshrathore442@gmail.com	ONE	CHECKED_IN	bhaveshrathore442@gmail.com\r	9907089453	2026-03-18 02:17:33.964
84	POU-1-004	Sivangi Sankar	11	sivangisankar19@gmail.com	ONE	CHECKED_IN	sivangisankar12a@gmail.com	6282888528	2026-03-18 02:17:33.814
8	CUCEK-1-002	shrinkhala chauhan	13	shrinkhalachauhan1111@gmail.com	ONE	CHECKED_IN	shrinkhalachauhan1111@gmail.com	8102790571	2026-03-18 02:17:33.071
33	IIITVIC-1-003	Rishabh Mishra	3	20252651041@iiitvadodara.ac.in	ONE	CHECKED_IN	20252651041@iiitvadodara.ac.in\r	9667315267	2026-03-18 02:17:33.318
104	SPIT-1-006	Mrunal Nalawade	5	mrunal.nalawade25@spit.ac.in	ONE	CHECKED_IN	mrunal.nalawade25@spit.ac.in\r	9004943391	2026-03-18 02:17:33.956
15	CUSAT-1-003	Jeremy Mathew Jose	2	jeremymathewjose@gmail.com	ONE	CHECKED_IN	jeremymathewjose@gmail.com\r	9340146467	2026-03-18 02:17:33.16
120	VJTI-1-005	Jatin Patil	21	jatinletsgo@gmail.com	ONE	CHECKED_IN	jatinletsgo@gmail.com\r	7559118424	2026-03-18 02:17:34.083
117	VJTI-1-002	Himanshu Bohara	21	himanshubohara22@gmail.com	ONE	CHECKED_IN	himanshubohara22@gmail.com\r	7045882219	2026-03-18 02:17:34.06
118	VJTI-1-003	Rachith Poojary 	21	poojaryrachithravi@gmail.com	ONE	CHECKED_IN	poojaryrachithravi@gmail.com\r	8904200773	2026-03-18 02:17:34.07
116	VJTI-1-001	Sameer Gupta	21	sameergupta0803@gmail.com	ONE	CHECKED_IN	sameergupta0803@gmail.com\r	8800534233	2026-03-18 02:17:34.05
119	VJTI-1-004	Shlok Maurya	21	shlokmaurya211@gmail.com	ONE	CHECKED_IN	shlokmaurya211@gmail.com\r	9326572510	2026-03-18 02:17:34.076
121	VJTI-1-006	Om Mishra 	21	ommishra9104@gmail.com	ONE	CHECKED_IN	ommishra9104@gmail.com\r	9136286826	2026-03-18 02:17:34.092
115	UOH-1-006	sandeep vishnoi	19	25mcmc41@uohyd.ac.in	ONE	CHECKED_IN	25mcmc41@uohyd.ac.in\r	9664127260	2026-03-18 02:17:34.042
112	UOH-1-003	Garv Agrawal	19	garvagrawal9084@gmail.com	ONE	CHECKED_IN	garvagrawal9084@gmail.com\r	7249961053	2026-03-18 02:17:34.023
114	UOH-1-005	Adarsh Kumar Pandey 	19	12adarshpandey12@gmail.com	ONE	CHECKED_IN	12adarshpandey12@gmail.com\r	7309900878	2026-03-18 02:17:34.036
111	UOH-1-002	VIBHISHAN KUMAR	19	imvibhishankumar@gmail.com	ONE	CHECKED_IN	imvibhishankumar@gmail.com\r	9939725551	2026-03-18 02:17:34.015
113	UOH-1-004	Vijay Singh Parihar 	19	vsp.krashi@gmail.com	ONE	CHECKED_IN	vsp.krashi@gmail.com\r	9479310987	2026-03-18 02:17:34.03
110	UOH-1-001	B.RIKHEET KUMAR	19	25mcmc24@uohyd.ac.in	ONE	CHECKED_IN	25mcmc24@uohyd.ac.in\r	7205598871	2026-03-18 02:17:34.007
72	NITW-2-004	Vivek Tirkey	4	immanuelvivek40609@gmail.com	TWO	CHECKED_IN	immanuelvivek40609@gmail.com	8178497060	2026-03-18 02:17:33.725
127	VESIT-1-006	Himanshukumar Singh 	20	2025.himanshukumar.singh@ves.ac.in	ONE	CHECKED_IN	2025.himanshukumar.singh@ves.ac.in\r	8956916965	2026-03-18 02:17:34.136
125	VESIT-1-004	Sundarm Yadav	20	2025.sundarm.yadav@ves.ac.in	ONE	CHECKED_IN	2025.sundarm.yadav@ves.ac.in\r	9819768005	2026-03-18 02:17:34.124
123	VESIT-1-002	Sanmit Pawar	20	pawarsanmit1@gmail.com	ONE	CHECKED_IN	pawarsanmit1@gmail.com\r	9326420240	2026-03-18 02:17:34.108
122	VESIT-1-001	Ritesh Pal	20	2025.ritesh.pal@ves.ac.in	ONE	CHECKED_IN	2025.ritesh.pal@ves.ac.in\r	9518985321	2026-03-18 02:17:34.1
130	KJS-1-005	Shubham Chaubey	6	shubham.ac@somaiya.edu	ONE	CHECKED_IN	shubham.ac@somaiya.edu\r	8591081496	2026-03-18 02:17:34.162
126	VESIT-1-005	Prachi Mittal	20	2025.prachi.mittal@ves.ac.in	ONE	CHECKED_IN	2025.prachi.mittal@ves.ac.in\r	6375083057	2026-03-18 02:17:34.13
124	VESIT-1-003	Shyama Mahesh Chawla 	20	2025.shyama.chawla@ves.ac.in	ONE	CHECKED_IN	2025.shyama.chawla@ves.ac.in\r	9075253102	2026-03-18 02:17:34.117
128	KJS-1-003	Hasti Atul Rambhia	6	hasti.r@somaiya.edu	ONE	CHECKED_IN	hasti.r@somaiya.edu\r	9769256953	2026-03-18 02:17:34.142
129	KJS-1-004	Tanishka Bajaj 	6	tanishka.bajaj@somaiya.edu	ONE	CHECKED_IN	tanishka.bajaj@somaiya.edu\r	9011331840	2026-03-18 02:17:34.151
\.


--
-- Name: ManualScoreAdjustment_id_seq; Type: SEQUENCE SET; Schema: public; Owner: version26
--

SELECT pg_catalog.setval('public."ManualScoreAdjustment_id_seq"', 1, false);


--
-- Name: colleges_id_seq; Type: SEQUENCE SET; Schema: public; Owner: version26
--

SELECT pg_catalog.setval('public.colleges_id_seq', 22, true);


--
-- Name: event_participations_id_seq; Type: SEQUENCE SET; Schema: public; Owner: version26
--

SELECT pg_catalog.setval('public.event_participations_id_seq', 1237, true);


--
-- Name: event_results_id_seq; Type: SEQUENCE SET; Schema: public; Owner: version26
--

SELECT pg_catalog.setval('public.event_results_id_seq', 22, true);


--
-- Name: events_id_seq; Type: SEQUENCE SET; Schema: public; Owner: version26
--

SELECT pg_catalog.setval('public.events_id_seq', 14, true);


--
-- Name: participants_id_seq; Type: SEQUENCE SET; Schema: public; Owner: version26
--

SELECT pg_catalog.setval('public.participants_id_seq', 130, true);


--
-- Name: ManualScoreAdjustment ManualScoreAdjustment_pkey; Type: CONSTRAINT; Schema: public; Owner: version26
--

ALTER TABLE ONLY public."ManualScoreAdjustment"
    ADD CONSTRAINT "ManualScoreAdjustment_pkey" PRIMARY KEY (id);


--
-- Name: User User_pkey; Type: CONSTRAINT; Schema: public; Owner: version26
--

ALTER TABLE ONLY public."User"
    ADD CONSTRAINT "User_pkey" PRIMARY KEY (id);


--
-- Name: _prisma_migrations _prisma_migrations_pkey; Type: CONSTRAINT; Schema: public; Owner: version26
--

ALTER TABLE ONLY public._prisma_migrations
    ADD CONSTRAINT _prisma_migrations_pkey PRIMARY KEY (id);


--
-- Name: college_scores college_scores_pkey; Type: CONSTRAINT; Schema: public; Owner: version26
--

ALTER TABLE ONLY public.college_scores
    ADD CONSTRAINT college_scores_pkey PRIMARY KEY ("collegeId");


--
-- Name: colleges colleges_pkey; Type: CONSTRAINT; Schema: public; Owner: version26
--

ALTER TABLE ONLY public.colleges
    ADD CONSTRAINT colleges_pkey PRIMARY KEY (id);


--
-- Name: event_participations event_participations_pkey; Type: CONSTRAINT; Schema: public; Owner: version26
--

ALTER TABLE ONLY public.event_participations
    ADD CONSTRAINT event_participations_pkey PRIMARY KEY (id);


--
-- Name: event_results event_results_pkey; Type: CONSTRAINT; Schema: public; Owner: version26
--

ALTER TABLE ONLY public.event_results
    ADD CONSTRAINT event_results_pkey PRIMARY KEY (id);


--
-- Name: events events_pkey; Type: CONSTRAINT; Schema: public; Owner: version26
--

ALTER TABLE ONLY public.events
    ADD CONSTRAINT events_pkey PRIMARY KEY (id);


--
-- Name: participants participants_pkey; Type: CONSTRAINT; Schema: public; Owner: version26
--

ALTER TABLE ONLY public.participants
    ADD CONSTRAINT participants_pkey PRIMARY KEY (id);


--
-- Name: User_email_key; Type: INDEX; Schema: public; Owner: version26
--

CREATE UNIQUE INDEX "User_email_key" ON public."User" USING btree (email);


--
-- Name: colleges_code_key; Type: INDEX; Schema: public; Owner: version26
--

CREATE UNIQUE INDEX colleges_code_key ON public.colleges USING btree (code);


--
-- Name: colleges_name_key; Type: INDEX; Schema: public; Owner: version26
--

CREATE UNIQUE INDEX colleges_name_key ON public.colleges USING btree (name);


--
-- Name: event_participations_eventId_dummyId_key; Type: INDEX; Schema: public; Owner: version26
--

CREATE UNIQUE INDEX "event_participations_eventId_dummyId_key" ON public.event_participations USING btree ("eventId", "dummyId");


--
-- Name: event_participations_eventId_participantId_key; Type: INDEX; Schema: public; Owner: version26
--

CREATE UNIQUE INDEX "event_participations_eventId_participantId_key" ON public.event_participations USING btree ("eventId", "participantId");


--
-- Name: event_results_eventId_participantId_key; Type: INDEX; Schema: public; Owner: version26
--

CREATE UNIQUE INDEX "event_results_eventId_participantId_key" ON public.event_results USING btree ("eventId", "participantId");


--
-- Name: events_name_key; Type: INDEX; Schema: public; Owner: version26
--

CREATE UNIQUE INDEX events_name_key ON public.events USING btree (name);


--
-- Name: participants_email_key; Type: INDEX; Schema: public; Owner: version26
--

CREATE UNIQUE INDEX participants_email_key ON public.participants USING btree (email);


--
-- Name: participants_hackerearthUser_key; Type: INDEX; Schema: public; Owner: version26
--

CREATE UNIQUE INDEX "participants_hackerearthUser_key" ON public.participants USING btree ("hackerearthUser");


--
-- Name: participants_participantId_key; Type: INDEX; Schema: public; Owner: version26
--

CREATE UNIQUE INDEX "participants_participantId_key" ON public.participants USING btree ("participantId");


--
-- Name: ManualScoreAdjustment ManualScoreAdjustment_collegeId_fkey; Type: FK CONSTRAINT; Schema: public; Owner: version26
--

ALTER TABLE ONLY public."ManualScoreAdjustment"
    ADD CONSTRAINT "ManualScoreAdjustment_collegeId_fkey" FOREIGN KEY ("collegeId") REFERENCES public.colleges(id) ON UPDATE CASCADE ON DELETE RESTRICT;


--
-- Name: college_scores college_scores_collegeId_fkey; Type: FK CONSTRAINT; Schema: public; Owner: version26
--

ALTER TABLE ONLY public.college_scores
    ADD CONSTRAINT "college_scores_collegeId_fkey" FOREIGN KEY ("collegeId") REFERENCES public.colleges(id) ON UPDATE CASCADE ON DELETE RESTRICT;


--
-- Name: event_participations event_participations_eventId_fkey; Type: FK CONSTRAINT; Schema: public; Owner: version26
--

ALTER TABLE ONLY public.event_participations
    ADD CONSTRAINT "event_participations_eventId_fkey" FOREIGN KEY ("eventId") REFERENCES public.events(id) ON UPDATE CASCADE ON DELETE CASCADE;


--
-- Name: event_participations event_participations_participantId_fkey; Type: FK CONSTRAINT; Schema: public; Owner: version26
--

ALTER TABLE ONLY public.event_participations
    ADD CONSTRAINT "event_participations_participantId_fkey" FOREIGN KEY ("participantId") REFERENCES public.participants(id) ON UPDATE CASCADE ON DELETE CASCADE;


--
-- Name: event_results event_results_eventId_fkey; Type: FK CONSTRAINT; Schema: public; Owner: version26
--

ALTER TABLE ONLY public.event_results
    ADD CONSTRAINT "event_results_eventId_fkey" FOREIGN KEY ("eventId") REFERENCES public.events(id) ON UPDATE CASCADE ON DELETE CASCADE;


--
-- Name: event_results event_results_participantId_fkey; Type: FK CONSTRAINT; Schema: public; Owner: version26
--

ALTER TABLE ONLY public.event_results
    ADD CONSTRAINT "event_results_participantId_fkey" FOREIGN KEY ("participantId") REFERENCES public.participants(id) ON UPDATE CASCADE ON DELETE CASCADE;


--
-- Name: participants participants_collegeId_fkey; Type: FK CONSTRAINT; Schema: public; Owner: version26
--

ALTER TABLE ONLY public.participants
    ADD CONSTRAINT "participants_collegeId_fkey" FOREIGN KEY ("collegeId") REFERENCES public.colleges(id) ON UPDATE CASCADE ON DELETE RESTRICT;


--
-- Name: SCHEMA public; Type: ACL; Schema: -; Owner: version26
--

REVOKE USAGE ON SCHEMA public FROM PUBLIC;


--
-- PostgreSQL database dump complete
--

\unrestrict 8Lhwh5AmdhjYcw3bBsmf5HuvSAKp8sfkhprGHtRxKNWB3Hortl4JvcHhBdJ4eiR

